date,press_name,title,content,content_url
20221210,015,5년간 멈췄던 '한빛 4호기' 재가동,"원안위 ""원전 안전성 확인""



원자력안전위원회가 안전 점검 명목으로 5년 넘게 멈춰서 있는 전남 영광 한빛원전 4호기의 재가동을 9일 승인했다. 조기 폐쇄된 월성 1호기, 건설 중단된 신한울 3·4호기와 함께 문재인 정부 탈원전 정책의 상징으로 꼽혔던 한빛 4호기가 재가동에 들어가는 것이다.원안위는 이날 영광사무소에서 한국수력원자력, 한국원자력안전기술원(KINS) 등과 회의를 열어 한빛 4호기의 임계를 허용했다. 임계는 원자로 내 핵분열 반응이 일정하게 유지되는 상태로, 임계 허용은 재가동 승인을 뜻한다.한빛 4호기는 11일 발전을 재개해 오는 15일께 풀가동(출력 100%) 상태에 도달할 예정이다. 2017년 5월 격납건물 정기정비에서 콘크리트 공극(틈)이 발견돼 가동을 중단한 지 5년7개월 만이다. 원안위는 현재까지 시행한 공극 검사와 구조 건전성 평가 결과 원전 운영의 안전성이 확인됐다고 밝혔다.한수원은 한빛 4호기 재가동을 통해 올겨울 1000㎿의 전력을 추가 공급할 수 있게 됐다. 현재 원전 발전량(1만9500㎿)의 5% 수준이다.한빛 4호기 15일 풀가동…윤석열 정부, 脫탈원전 속도원안위 ""안전성 확인"" 발표에도 지역 환경단체는 여전히 반발



전남 영광군에 있는 한빛원전 4호기는 2017년 5월 18일 격납건물 정기 정비에서 콘크리트 공극(틈)이 발견된 뒤 약 5년7개월간 멈춰 서 있다. 2017년 11월 국무조정실 주관으로 민관합동조사단이 꾸려졌고, 2년여의 조사 끝에 140개의 격납건물 공극과 외벽 철근 노출 23건이 발견되면서 안전성 문제가 제기됐다. 공극 중에는 길이가 최대 157㎝에 이르는 대형 틈도 있었다. 문재인 정부는 안전 확인을 위해 검사와 점검 과정을 거치며 한빛 4호기 재가동을 미뤘다.에너지업계에선 한빛 4호기 재가동이 장기간 미뤄진 배경엔 문재인 정부의 탈원전 정책이 있다는 시각이 많다. 지난 정부 내내 한빛 4호기 보수를 위한 각종 검사를 거쳤는데도 원자력안전위원회가 추가 조사와 검증을 이유로 재가동 승인을 미뤘다는 것이다. 한국전력기술은 2020년 3월부터 격납건물이 안전한지 평가한 결과 ‘문제없다’는 결론을 냈다.프랑스 프리마톰과 한국콘크리트학회가 별도 검증 작업을 했고 여기서도 ‘이상 없다’는 결론이 나왔다. 그런데도 원안위는 작년 하반기 한국원자력기술원에 한국콘크리트학회 보고서의 재검증을 요구했고 여기서도 별다른 이의 제기가 없었다.하지만 원안위는 지난 1월 지역주민과의 협의 부족을 이유로 한빛 4호기 안전성 평가 보고 안건 상정을 취소했고, 한국수력원자력에 상부 돔 안전성 검사를 지시했다. 한수원은 한빛 4호기 내 모든 격납건물에서 기준 두께(5.4㎜)에 미달하는 내부 철판을 교체하는 등 임계(재가동 승인) 전까지 수행해야 할 87개 검사와 안전성 평가를 마쳤다. 건물 틈을 메우고 건물 외부로 노출된 철근 보수도 완료했다. 보수 후 누설률은 허용 기준치 이내로 들어왔다. 그런데도 재가동이 차일피일 미뤄지다 윤석열 정부 출범 이후에야 이뤄진 것이다. 지난 정부가 임명한 원안위원 중 국회 추천 몫 3인이 지난 10월 교체된 점도 영향을 미친 것으로 알려졌다.환경단체는 재가동에 반발했다. 한빛핵발전소대응호남권공동행동은 9일 “사고가 나면 큰 피해를 보게 될 주민과 지방자치단체, 시민단체 등의 강한 반대를 완전히 무시한 결정”이라며 “한빛 4호기 재가동을 당장 중단하고 격납건물 전수조사와 구조 건전성평가, 검증을 다시 시행하라”고 주장했다.




김소현 기자 alpha@hankyung.com




기자 프로필




















김소현 기자






구독


구독중





구독자 0




응원수
0







김소현 한국경제 경제부 기자입니다. 산업통상자원부와 환경부, 공정거래위원회를 취재합니다.




[단독] 삼성·LG 사장 출신까지…미래산업 전략 세울 '어벤저스' 뜬다


유화업계 ""운송 막혀 재고 보관 한계…이대로 가면 이번주 셧다운 불가피""







한국경제의 구독 많은 기자


한국경제 기사를 더 보고 싶다면?
								구독

한국경제 언론사 구독되었습니다. 메인 뉴스판에서 한국경제 주요뉴스를  볼 수 있습니다.
보러가기


한국경제 언론사 구독 해지되었습니다.


닫기








Copyright ⓒ 한국경제. All rights reserved. 무단 전재 및 재배포 금지.

 
이 기사는 언론사에서 경제 섹션으로 분류했습니다.

기사 섹션 분류 안내
기사의 섹션 정보는 해당 언론사의 분류를 따르고 있습니다. 언론사는 개별 기사를 2개 이상 섹션으로 중복 분류할 수 있습니다.
닫기











구독
메인에서 바로 보는 언론사 편집 뉴스 지금 바로 구독해보세요!


구독중
메인에서 바로 보는 언론사 편집 뉴스 지금 바로 확인해보세요! 보러가기









해외투자 '한경 글로벌마켓'과 함께하세요


한국경제신문과 WSJ, 모바일한경으로 보세요


 





			주요뉴스해당 언론사에서 선정하며 언론사 페이지(아웃링크)로 이동해 볼 수 있습니다.


""月 220만원"" 한국서 못 버텨…강남 학원가 비상
전기밥솥으로 잘 나가더니…쿠쿠의 파격 행보
""아침부터 줄 섰다""…2030 여성 북적이는 이유
""시키는 대로 했는데…"" 날벼락 맞은 중개업소
드디어 타본 7세대 신형 그랜저…""이유 있었네""








이 기사를 추천합니다


기사 추천은 24시간 내 50회까지 참여할 수 있습니다.
닫기






쏠쏠정보
0




흥미진진
0




공감백배
0




분석탁월
0




후속강추
0


 




 












모두에게 보여주고 싶은 기사라면?beta

이 기사를 추천합니다 버튼을 눌러주세요.  집계 기간 동안 추천을 많이 받은 기사는 네이버 자동 기사배열 영역에 추천 요소로 활용됩니다.

레이어 닫기


 


한국경제 언론사홈 바로가기


 

언론사 구독 후 기사보기



구독 없이 계속 보기",https://n.news.naver.com/mnews/article/015/0004785698
20221210,015,부결 하루 만에…'한전채 확대법' 재추진하는 국회,"전기료 인상 등 '전력대란' 우려에 여야, 부랴부랴 본회의 상정 속도여야가 9일 한국전력공사의 회사채 발행 한도를 늘리는 한전법 개정을 다시 추진하기로 했다. 국회 본회의에 상정된 한전법 개정안이 더불어민주당의 ‘무더기 반대’와 국민의힘의 ‘대규모 결석’으로 부결된 지 하루 만에 다시 개정안 발의에 나서기로 했다.주호영 국민의힘 원내대표는 이날 원내대책회의에서 “한전 적자로 우리나라 경제가 위기에 빠져서는 안 된다”며 “정기국회 이후 시작되는 임시국회에서 조속히 한전법을 통과시켜야 할 것”이라고 말했다. 민주당 소속인 윤관석 산업통상자원중소벤처기업위원회 위원장도 “법안이 최대한 빨리 상임위와 본회의에서 의결되도록 해 전력시장 불안을 줄이겠다”고 약속했다. 산업위 소속 여야 의원들은 ‘위원회 안’ 형태로 개정안을 발의해 본회의 상정에 속도를 낸다는 계획이다.한전이 내년도 채권 발행 계획을 확정하기 위해서는 연내에 개정안이 국회를 통과해야 한다. 연내에 법안이 통과되지 않으면 대규모 적자를 내고 있는 한전의 자금 조달이 막히면서 전력 대란으로 이어질 수 있다는 우려가 나온다.지난 8일 본회의에 오른 한전법 개정안에는 한전의 사채 발행 한도를 현행 자본금과 적립금을 더한 금액의 두 배에서 최대 여섯 배까지 늘리는 내용이 포함됐다. 국회 상임위 합의까지 거친 이 개정안은 찬성 89명, 반대 61명, 기권 53명으로 부결됐다. 한전의 올해 적자 규모는 30조원에 달할 것으로 전망된다.




고재연 기자 yeon@hankyung.com
양길성 기자 vertigo@hankyung.com
오형주 기자 ohj@hankyung.com




기자 프로필




















고재연 기자






구독


구독중





구독자 0




응원수
0







한국경제신문 전자팀 기자입니다. 눈에 보이는 것 그 이상을 담겠습니다.




합의해놓고 반대한 野, 절반 불참한 與…한전 벼랑 끝 내몬 국회


한전 적자 키운 野, 채권 발행도 막아…'경영 쇼크' 위기























양길성 기자






구독


구독중





구독자 0




응원수
0







성실하게 겸손하게 진실하게




합의해놓고 반대한 野, 절반 불참한 與…한전 벼랑 끝 내몬 국회


[단독] 中企 인력난 아우성인데…'추가 근로' 연장 무산위기






















오형주 기자






구독


구독중





구독자 0




응원수
0







정치부 정당팀 기자입니다. 




합의해놓고 반대한 野, 절반 불참한 與…한전 벼랑 끝 내몬 국회


[단독] '한전채 확대' 반대표 던진 김한규 ""文정부서 전기료 못 올린 것 부끄러웠다""







한국경제의 구독 많은 기자


한국경제 기사를 더 보고 싶다면?
								구독

한국경제 언론사 구독되었습니다. 메인 뉴스판에서 한국경제 주요뉴스를  볼 수 있습니다.
보러가기


한국경제 언론사 구독 해지되었습니다.


닫기








Copyright ⓒ 한국경제. All rights reserved. 무단 전재 및 재배포 금지.

 
이 기사는 언론사에서 정치, 경제 섹션으로 분류했습니다.

기사 섹션 분류 안내
기사의 섹션 정보는 해당 언론사의 분류를 따르고 있습니다. 언론사는 개별 기사를 2개 이상 섹션으로 중복 분류할 수 있습니다.
닫기











구독
메인에서 바로 보는 언론사 편집 뉴스 지금 바로 구독해보세요!


구독중
메인에서 바로 보는 언론사 편집 뉴스 지금 바로 확인해보세요! 보러가기









해외투자 '한경 글로벌마켓'과 함께하세요


한국경제신문과 WSJ, 모바일한경으로 보세요


 





			주요뉴스해당 언론사에서 선정하며 언론사 페이지(아웃링크)로 이동해 볼 수 있습니다.


""月 220만원"" 한국서 못 버텨…강남 학원가 비상
전기밥솥으로 잘 나가더니…쿠쿠의 파격 행보
""아침부터 줄 섰다""…2030 여성 북적이는 이유
""시키는 대로 했는데…"" 날벼락 맞은 중개업소
드디어 타본 7세대 신형 그랜저…""이유 있었네""








이 기사를 추천합니다


기사 추천은 24시간 내 50회까지 참여할 수 있습니다.
닫기






쏠쏠정보
0




흥미진진
0




공감백배
0




분석탁월
0




후속강추
0


 




 












모두에게 보여주고 싶은 기사라면?beta

이 기사를 추천합니다 버튼을 눌러주세요.  집계 기간 동안 추천을 많이 받은 기사는 네이버 자동 기사배열 영역에 추천 요소로 활용됩니다.

레이어 닫기


 


한국경제 언론사홈 바로가기


 

언론사 구독 후 기사보기



구독 없이 계속 보기",https://n.news.naver.com/mnews/article/015/0004785703
20221210,015,이태원 참사 유가족협의회 출범…권성동 '세월호' 언급 논란,"사진=연합뉴스이태원 참사 희생자 유가족이 만든 협의체가 10일 공식 발족한 가운데, 여야가 상반된 입장을 보이고 있다. 국민의힘에서 정쟁으로 소비되는 것을 지양해야 한다는 의견이 나오자 더불어민주당은 ""무엇이 그렇게 두렵나""라고 지적했다.10.29 이태원 참사 유가족협의회는 10일 오후 서울 중구 컨퍼런스홀에서 창립 선언 기자회견을 열고 희생자 명예 회복과 철저한 진실·책임자 규명을 촉구했다.협의회는 참사 희생자 97명의 유가족 170명으로 구성됐다.유가족들은 △진실규명을 위한 행정적 역할 촉구 △정쟁을 배제한 철저한 국정조사와 성역 없는 수사 등 모든 수단을 통한 진실 규명 △책임자에 대한 강력한 처벌 △참사 유가족들을 위한 소통 공간 및 희생자들을 위한 추모 공간 마련 △2차 가해에 대한 단호한 대처 등을 요구했다.창립선언문을 낭독한 뒤 '이상민(행정안전부 장관)을 파면하라'는 구호를 외치기도 했다.



권성동 국민의힘 의원. 사진=연합뉴스앞서 권성동 국민의힘 의원은 이날 페이스북에 협의회 출범과 관련, ""이태원이 세월호와 같은 길을 가서는 안 된다""고 적었다.그는 ""시민단체가 조직적으로 결합해서 정부를 압박하는 방식은 지양해야 한다. 세월호처럼 정쟁으로 소비되다가 시민단체의 횡령 수단으로 악용될 가능성이 있기 때문""이라면서 ""실제로 일부 시민단체는 세월호 추모사업을 한다며 세금을 받아 가서, 놀러 다니고 종북 교육에 사용했다. 이러한 횡령이 반복되지 않도록 범정부 차원의 신중한 검토가 필요하다""고 주장했다.협의회 대표를 맡은 희생자 고(故) 이지한 씨의 부친 이정철 씨는 ""저희를 왜 정쟁으로 몰고 가는가""라며 하루아침에 가족을 잃은 유가족들의 가슴이 무너져 내리고 있다. 왜 벌써부터 갈라치기를 하는가. 이것이 책임 있는 정부여당이 할 말인지 다시 한번 생각해달라""고 말했다.이정민 협의회 부대표는 ""세월호 같은 길이 어떤 길이며, 어떤 길인데 그길로 가면 안 된다는 것이냐""며 ""세월호 유가족들이 반정부 세력이냐, 저희가 반정부 세력이냐""고 물었다. 또 다른 유가족은 ""심장 같은 아들을 떠나보내고 수액으로만 살고 있는데 여기에 무슨 정쟁이 있냐""고 울부짖었다.한편, 이수진 민주당 원내대변인은 이날 오후 국회 소통관에서 브리핑을 갖고 ""국민의힘은 유가족협의회와 시민단체의 연대 움직임에 벌써 막말을 쏟아내고 있다""며 ""무엇이 그렇게 두렵냐""고 비판했다.이 원내대변인은 ""권 의원의 '종북', '횡령' 발언은 이태원 참사 유가족뿐 아니라 세월호 참사 유가족마저 욕보이고 있다""며 ""재난을 막지 못한 책임에 대해 반성은 못 할망정 진상규명을 요구하는 유가족과 시민단체를 욕하는 이유가 무엇인가""라고 반문했다.그러면서 ""국민의힘은 과거로부터 교훈을 찾으시라. 유체 이탈로 세월호 참사 책임을 외면했던 박근혜 전 대통령의 잘못을 반복하지 말길 바란다""고 덧붙였다.




김수영 한경닷컴 기자 swimmingk@hankyung.com




기자 프로필




















김수영 기자






구독


구독중





구독자 0




응원수
0







음악이 있는 곳을 취재합니다. 가요·공연계 소식을 빠르고 바르게, 그리고 흥미롭게 전하겠습니다.




BTS·블랙핑크 아니다…2022년 '유튜브 왕'은 임영웅


엔믹스 지니, 돌연 팀 탈퇴·JYP 전속계약 해지







한국경제의 구독 많은 기자


한국경제 기사를 더 보고 싶다면?
								구독

한국경제 언론사 구독되었습니다. 메인 뉴스판에서 한국경제 주요뉴스를  볼 수 있습니다.
보러가기


한국경제 언론사 구독 해지되었습니다.


닫기








Copyright ⓒ 한국경제. All rights reserved. 무단 전재 및 재배포 금지.

 
이 기사는 언론사에서 사회 섹션으로 분류했습니다.

기사 섹션 분류 안내
기사의 섹션 정보는 해당 언론사의 분류를 따르고 있습니다. 언론사는 개별 기사를 2개 이상 섹션으로 중복 분류할 수 있습니다.
닫기











구독
메인에서 바로 보는 언론사 편집 뉴스 지금 바로 구독해보세요!


구독중
메인에서 바로 보는 언론사 편집 뉴스 지금 바로 확인해보세요! 보러가기









해외투자 '한경 글로벌마켓'과 함께하세요


한국경제신문과 WSJ, 모바일한경으로 보세요


 





			주요뉴스해당 언론사에서 선정하며 언론사 페이지(아웃링크)로 이동해 볼 수 있습니다.


콧대 높던 '아이폰' 어쩌나…관심 쏟아지는 이유
16강 올랐더니…지켜보던 '그들'이 움직였다
""포르쉐야 좀 비켜줄래?""…'짐승 트럭' 나왔다
""한국인들 1~2살씩 어려진다""…외신도 '떠들썩'
좋을 줄은 알았지만…차 마시는 습관 '깜짝효과'








이 기사를 추천합니다


기사 추천은 24시간 내 50회까지 참여할 수 있습니다.
닫기






쏠쏠정보
0




흥미진진
0




공감백배
0




분석탁월
0




후속강추
0


 




 












모두에게 보여주고 싶은 기사라면?beta

이 기사를 추천합니다 버튼을 눌러주세요.  집계 기간 동안 추천을 많이 받은 기사는 네이버 자동 기사배열 영역에 추천 요소로 활용됩니다.

레이어 닫기


 


한국경제 언론사홈 바로가기


 

언론사 구독 후 기사보기



구독 없이 계속 보기",https://n.news.naver.com/mnews/article/015/0004785892
20221210,015,"오열하던 네이마르 위로한 소년, 정체 알고 보니 '반전'","사진=AFP2022 카타르 월드컵 8강전에서 패배한 후 눈물을 쏟은 네이마르를 위로한 소년은 상대편이었던 크로아티아 선수의 아들이었다. 좌절감에 빠져 오열하던 네이마르는 어린 팬의 위로에 포옹과 미소로 화답했다.네이마르가 이끈 브라질은 10일(한국시각) 카타르 알라이얀 에듀케이션 시티 스타디움에서 열린 크로아티아와의 8강전에서 승부차기 끝에 2-4로 패배했다.이날 네이마르는 연장 전반 16분 루카스 파케타의 패스를 받아 개인 드리블 돌파로 상대 골키퍼를 제치고 선제골을 터뜨렸으나, 연장 후반 12분 브루노 페트코비치에게 동점골을 허용했다. 승부차기까지 간 결과 2-4로 패했다.경기가 끝나자 네이마르는 그라운드에 주저앉아 오열했다. 연신 눈물을 쏟아내는 그때, 크로아티아 유니폼을 입은 한 소년이 네이마르를 향해 달려오는 돌발상황이 벌어졌다.이에 브라질 측 스태프는 손으로 제지하는 듯한 동작을 취했고, 이를 본 네이마르는 눈물을 닦고 소년에게 다가가 그를 안아줬다. 소년의 머리를 쓰다듬어주기도 했다.NBC스포츠 등에 따르면 이 소년은 크로아티아 대표팀 이반 페리시치의 아들이었다. 그는 경기 직후 크로아티아 선수들의 가족에게 그라운드 진입이 허용되자 네이마르를 위로하기 위해 다가간 것으로 전해졌다.해당 사실이 알려지자 축구 팬들은 ""훈훈하다""는 반응을 보이고 있다. 두 사람의 모습이 담긴 장면은 트위터에서 100만 조회수를 넘기며 화제를 모았다. 한 외신은 ""한 줄기 스포츠맨십이 어두운 순간을 밝게 비춰졌다""고 평가하기도 했다.



사진=연합뉴스따뜻한 인성이 돋보이는 네이마르의 그간의 행보도 재조명되고 있다. 네이마르는 지난 6월 평가전을 위해 내한했을 때 경기 일정보다 일찌감치 한국에 입국해 관광명소를 다니며 팬들의 사인 요청에 응하는 등 남다른 팬서비스를 선보였다.당시 발등 부상에도 선발 출전한 그는 78분을 뛰는 투혼을 발휘했다. 애국가 제창 때 자신을 에스코트하러 나온 어린 팬이 왼손을 가슴에 올리자 오른손으로 바꿔주는 장면이 화제가 되기도 했다.




김수영 한경닷컴 기자 swimmingk@hankyung.com




기자 프로필




















김수영 기자






구독


구독중





구독자 0




응원수
0







음악이 있는 곳을 취재합니다. 가요·공연계 소식을 빠르고 바르게, 그리고 흥미롭게 전하겠습니다.




BTS·블랙핑크 아니다…2022년 '유튜브 왕'은 임영웅


엔믹스 지니, 돌연 팀 탈퇴·JYP 전속계약 해지







한국경제의 구독 많은 기자


한국경제 기사를 더 보고 싶다면?
								구독

한국경제 언론사 구독되었습니다. 메인 뉴스판에서 한국경제 주요뉴스를  볼 수 있습니다.
보러가기


한국경제 언론사 구독 해지되었습니다.


닫기








Copyright ⓒ 한국경제. All rights reserved. 무단 전재 및 재배포 금지.

 
이 기사는 언론사에서 세계 섹션으로 분류했습니다.

기사 섹션 분류 안내
기사의 섹션 정보는 해당 언론사의 분류를 따르고 있습니다. 언론사는 개별 기사를 2개 이상 섹션으로 중복 분류할 수 있습니다.
닫기











구독
메인에서 바로 보는 언론사 편집 뉴스 지금 바로 구독해보세요!


구독중
메인에서 바로 보는 언론사 편집 뉴스 지금 바로 확인해보세요! 보러가기









해외투자 '한경 글로벌마켓'과 함께하세요


한국경제신문과 WSJ, 모바일한경으로 보세요


 





			주요뉴스해당 언론사에서 선정하며 언론사 페이지(아웃링크)로 이동해 볼 수 있습니다.


콧대 높던 '아이폰' 어쩌나…관심 쏟아지는 이유
16강 올랐더니…지켜보던 '그들'이 움직였다
""포르쉐야 좀 비켜줄래?""…'짐승 트럭' 나왔다
""정말 화난다""…4강 진출에도 분노한 메시, 왜?
좋을 줄은 알았지만…차 마시는 습관 '깜짝효과'








이 기사를 추천합니다


기사 추천은 24시간 내 50회까지 참여할 수 있습니다.
닫기






쏠쏠정보
0




흥미진진
0




공감백배
0




분석탁월
0




후속강추
0


 




 












모두에게 보여주고 싶은 기사라면?beta

이 기사를 추천합니다 버튼을 눌러주세요.  집계 기간 동안 추천을 많이 받은 기사는 네이버 자동 기사배열 영역에 추천 요소로 활용됩니다.

레이어 닫기


 


한국경제 언론사홈 바로가기


 

언론사 구독 후 기사보기



구독 없이 계속 보기",https://n.news.naver.com/mnews/article/015/0004785891
20221210,015,"1045회 로또 1등 '6, 14, 15, 19, 21, 41'…당첨자 13명 19억씩","10일 제1045회 로또복권 추첨 결과 '6, 14, 15, 19, 21, 41'이 1등 당첨번호로 뽑혔다. 2등 보너스 번호는 '37'이다.당첨번호 6개를 모두 맞힌 1등 당첨자는 총 13명으로, 각 19억9006만원씩 받는다.당첨번호 5개와 보너스 번호가 일치한 2등은 67명으로 각 6436만원의 당첨금을 수령한다.당첨번호 5개를 맞힌 3등은 2699명으로 160만원씩 받는다.당첨번호 4개를 맞힌 4등(고정 당첨금 5만원)은 13만5872명, 당첨번호 3개가 일치한 5등(고정 당첨금 5000원)은 228만432명이다.




김수영 한경닷컴 기자 swimmingk@hankyung.com




기자 프로필




















김수영 기자






구독


구독중





구독자 0




응원수
0







음악이 있는 곳을 취재합니다. 가요·공연계 소식을 빠르고 바르게, 그리고 흥미롭게 전하겠습니다.




BTS·블랙핑크 아니다…2022년 '유튜브 왕'은 임영웅


엔믹스 지니, 돌연 팀 탈퇴·JYP 전속계약 해지







한국경제의 구독 많은 기자


한국경제 기사를 더 보고 싶다면?
								구독

한국경제 언론사 구독되었습니다. 메인 뉴스판에서 한국경제 주요뉴스를  볼 수 있습니다.
보러가기


한국경제 언론사 구독 해지되었습니다.


닫기








Copyright ⓒ 한국경제. All rights reserved. 무단 전재 및 재배포 금지.

 
이 기사는 언론사에서 생활 섹션으로 분류했습니다.

기사 섹션 분류 안내
기사의 섹션 정보는 해당 언론사의 분류를 따르고 있습니다. 언론사는 개별 기사를 2개 이상 섹션으로 중복 분류할 수 있습니다.
닫기











구독
메인에서 바로 보는 언론사 편집 뉴스 지금 바로 구독해보세요!


구독중
메인에서 바로 보는 언론사 편집 뉴스 지금 바로 확인해보세요! 보러가기









해외투자 '한경 글로벌마켓'과 함께하세요


한국경제신문과 WSJ, 모바일한경으로 보세요


 





			주요뉴스해당 언론사에서 선정하며 언론사 페이지(아웃링크)로 이동해 볼 수 있습니다.


콧대 높던 '아이폰' 어쩌나…관심 쏟아지는 이유
16강 올랐더니…지켜보던 '그들'이 움직였다
""포르쉐야 좀 비켜줄래?""…'짐승 트럭' 나왔다
""한국인들 1~2살씩 어려진다""…외신도 '떠들썩'
좋을 줄은 알았지만…차 마시는 습관 '깜짝효과'








이 기사를 추천합니다


기사 추천은 24시간 내 50회까지 참여할 수 있습니다.
닫기






쏠쏠정보
0




흥미진진
0




공감백배
0




분석탁월
0




후속강추
0


 




 












모두에게 보여주고 싶은 기사라면?beta

이 기사를 추천합니다 버튼을 눌러주세요.  집계 기간 동안 추천을 많이 받은 기사는 네이버 자동 기사배열 영역에 추천 요소로 활용됩니다.

레이어 닫기


 


한국경제 언론사홈 바로가기


 

언론사 구독 후 기사보기



구독 없이 계속 보기",https://n.news.naver.com/mnews/article/015/0004785890
20221210,015,"""이러다 카뱅 꼴 나는 거 아냐?""…LG엔솔 직원들 '멘붕' [박의명의 불개미 구조대]","사진=뉴스1대박의 꿈을 품고 우리사주에 투자했던 LG에너지솔루션 직원들이 멘붕에 걸렸습니다. 주가가 급락하면서 한 달 만에 1억원에 달하는 수익을 날렸기 때문입니다. 회사 주차장이 포르쉐 타이칸으로 늘어설 것이란 기대도 희미해지고 있습니다. 9일 LG에너지솔루션은 3.01% 내린 51만5000원에 마감했습니다. 지난달 11일 최고점(62만4000원) 대비 17.5% 떨어졌습니다. 



상장 당시 LG에너지솔루션 직원 9564명(작년 말 기준)은 1인당 평균 2억5578만원을 청약했습니다. 공모가는 30만원입니다. 주가가 두 배 넘게 오르면서 인당 평균 수익은 2억7000만원을 넘어서기도 했습니다. 주가가 급락하면서 평가 수익은 1억8000만원으로 줄었습니다. 1년 치 연봉이 한 달 만에 날아간 것입니다. LG에너지솔루션 직원의 평균 연봉은 9000만원입니다. 



직원들은 주가가 100만원까지 오를 것이라고 기대했습니다. 한 달 전 기세로는 가능해 보였습니다. 회사 주차장이 포르쉐 타이칸으로 가득찰 것이라는 얘기까지 돌았습니다.하지만 전기차 수요가 감소할 것으로 전망되면서 주가가 급락세로 돌아섰습니다. 증권업계 관계자는 “경기 침체로 자동차 판매가 줄고 있는데 비싼 전기차가 잘 팔리겠냐”고 했습니다. 직원들은 줄어든 수익까지 날릴까 불안해하고 있습니다. 우리사주는 상장 후 1년 동안 처분할 수 없습니다. 주식을 팔려면 회사를 그만둬야 합니다. 퇴사하지 않고 주식을 팔려면 내년 1월 27일까지 버텨야 합니다.



일각에서는 카카오 직원들의 전철을 밟는 것 아니냐는 우려까지 나옵니다. 우리사주에 영끌했던 카카오뱅크와 카카오페이 직원들은 주가가 급락하면서 빚더미에 앉았습니다. 우리사주 물량 자체도 부담입니다. 우리사주 보유 지분은 3.42%에 달합니다. 우리 사주 물량이 한꺼번에 쏟아지면 주가에 핵폭탄급 충격을 줄 수 있습니다. 보호 예수 해제를 앞두고 투자자들이 미리 주식을 던질 것이란 우려도 나오고 있습니다. 하루 거래대금에서 공매도가 차지하는 비중은 이달들어 20~30%에 육박하고 있습니다. 주가 하락에 베팅하는 투자자가 많아졌다는 뜻입니다. 여의도 증권가 소식과 개미들 이야기를 다룬 <불개미 구조대>는 매주 토요일 연재됩니다. 기자페이지를 구독하면 기사를 놓치지 않고 받아볼 수 있습니다.




박의명 기자 uimyung@hankyung.com




기자 프로필




















박의명 기자






구독


구독중





구독자 0




응원수
0







한국경제신문 증권부 박의명 기자입니다. 




""하락장서 750% 폭등, 왜?""…큰손 몰리는 '의문의 종목'


51일 간 순매수하다니…외국인 큰손 정체 알고보니 '헉'







한국경제의 구독 많은 기자


한국경제 기사를 더 보고 싶다면?
								구독

한국경제 언론사 구독되었습니다. 메인 뉴스판에서 한국경제 주요뉴스를  볼 수 있습니다.
보러가기


한국경제 언론사 구독 해지되었습니다.


닫기








Copyright ⓒ 한국경제. All rights reserved. 무단 전재 및 재배포 금지.

 
이 기사는 언론사에서 경제 섹션으로 분류했습니다.

기사 섹션 분류 안내
기사의 섹션 정보는 해당 언론사의 분류를 따르고 있습니다. 언론사는 개별 기사를 2개 이상 섹션으로 중복 분류할 수 있습니다.
닫기











구독
메인에서 바로 보는 언론사 편집 뉴스 지금 바로 구독해보세요!


구독중
메인에서 바로 보는 언론사 편집 뉴스 지금 바로 확인해보세요! 보러가기









해외투자 '한경 글로벌마켓'과 함께하세요


한국경제신문과 WSJ, 모바일한경으로 보세요


 





			주요뉴스해당 언론사에서 선정하며 언론사 페이지(아웃링크)로 이동해 볼 수 있습니다.


콧대 높던 '아이폰' 어쩌나…관심 쏟아지는 이유
16강 올랐더니…지켜보던 '그들'이 움직였다
""포르쉐야 좀 비켜줄래?""…'짐승 트럭' 나왔다
""정말 화난다""…4강 진출에도 분노한 메시, 왜?
좋을 줄은 알았지만…차 마시는 습관 '깜짝효과'








이 기사를 추천합니다


기사 추천은 24시간 내 50회까지 참여할 수 있습니다.
닫기






쏠쏠정보
0




흥미진진
0




공감백배
0




분석탁월
0




후속강추
0


 




 












모두에게 보여주고 싶은 기사라면?beta

이 기사를 추천합니다 버튼을 눌러주세요.  집계 기간 동안 추천을 많이 받은 기사는 네이버 자동 기사배열 영역에 추천 요소로 활용됩니다.

레이어 닫기


 





연재
박의명의 불개미 구조대
구독 명



구독


구독중


구독해주셔서 감사합니다
해당 연재는 언론사 편집판과오피니언홈의 구독연재 페이지에서확인할 수 있습니다
닫기



더보기





""이러다 카뱅 꼴 나는 거 아냐?""…LG엔솔 직원들 '멘붕'




""와이프한텐 비밀이야""…삼성전자 88층 주주 '비명'




금투세 찬성 43%…흔들리는 '반공매도 연대'








한국경제 언론사홈 바로가기


 

언론사 구독 후 기사보기



구독 없이 계속 보기",https://n.news.naver.com/mnews/article/015/0004785889
20221210,015,브라질 월드컵 탈락에 소환된 '고양이의 저주'…왜?,"사진=AFP2022 카타르 월드컵의 강력한 우승 후보였던 브라질의 탈락을 두고 해외 네티즌들 사이에서 '고양이의 저주'라는 말이 나오고 있다. 경기 전 진행했던 기자회견에서 브라질 대표팀 관계자가 고양이를 거칠게 던진 행동을 지적한 것이다.브라질은 10일(한국시간) 카타르 알라이얀의 에듀케이션 시티 스타디움에서 열린 크로아티아와의 8강에서 승부차기 끝에 2-4로 패배했다.경기 이후 트위터 등 SNS에서는 지난 7일 브라질 대표팀의 기자회견 모습이 재조명됐다.당시 공격수 비니시우스 주니오르가 취재진의 질문에 답하던 중, 고양이 한 마리가 단상으로 올라왔다. 비니시우스는 웃음을 참다가 결국 파안대소했고, 취재진들 사이에서도 웃음이 터져 나왔다.비니시우스 옆에 앉아있던 관계자는 고양이의 머리를 쓰다듬었다. 하지만 이내 양손으로 고양이의 목덜미와 등을 잡고 책상 아래로 내던졌다. 고양이를 거칠게 다루는 이 모습은 온라인에서 빠르게 퍼지며 비판받았다. 일부는 동물 학대라고 꼬집기도 했다.



아르헨티나 최대 스포츠 매체인 TyC 스포츠는 ""고양이는 이슬람교의 예언자 무함마드가 가장 좋아한 동물로 유명하다. 중동에서는 특권적인 위치에 있으며, 도하에는 고양이가 가득하다. 고양이를 향한 모든 학대는 죄이기에 벌을 받는 게 마땅하다고 간주된다""고 지적했다.논란이 거세지자 브라질 대표팀은 월드컵 통산 6회 우승을 달성하겠다는 의지를 담아 고양이에게 숫자 6을 뜻하는 '헥사'(Hexa)라는 이름을 붙여줬지만, 결국 크로아티아에 패배했다.기자회견 당시에는 고양이의 등장이 우승 징조로 여겨지기도 했으나, 브라질의 패배 이후 네티즌들은 'Karma(업보)'라며 고양이의 저주라고 조롱하고 있다.




김수영 한경닷컴 기자 swimmingk@hankyung.com




기자 프로필




















김수영 기자






구독


구독중





구독자 0




응원수
0







음악이 있는 곳을 취재합니다. 가요·공연계 소식을 빠르고 바르게, 그리고 흥미롭게 전하겠습니다.




BTS·블랙핑크 아니다…2022년 '유튜브 왕'은 임영웅


엔믹스 지니, 돌연 팀 탈퇴·JYP 전속계약 해지







한국경제의 구독 많은 기자


한국경제 기사를 더 보고 싶다면?
								구독

한국경제 언론사 구독되었습니다. 메인 뉴스판에서 한국경제 주요뉴스를  볼 수 있습니다.
보러가기


한국경제 언론사 구독 해지되었습니다.


닫기








Copyright ⓒ 한국경제. All rights reserved. 무단 전재 및 재배포 금지.

 
이 기사는 언론사에서 세계 섹션으로 분류했습니다.

기사 섹션 분류 안내
기사의 섹션 정보는 해당 언론사의 분류를 따르고 있습니다. 언론사는 개별 기사를 2개 이상 섹션으로 중복 분류할 수 있습니다.
닫기











구독
메인에서 바로 보는 언론사 편집 뉴스 지금 바로 구독해보세요!


구독중
메인에서 바로 보는 언론사 편집 뉴스 지금 바로 확인해보세요! 보러가기









해외투자 '한경 글로벌마켓'과 함께하세요


한국경제신문과 WSJ, 모바일한경으로 보세요


 





			주요뉴스해당 언론사에서 선정하며 언론사 페이지(아웃링크)로 이동해 볼 수 있습니다.


콧대 높던 '아이폰' 어쩌나…관심 쏟아지는 이유
16강 올랐더니…지켜보던 '그들'이 움직였다
""포르쉐야 좀 비켜줄래?""…'짐승 트럭' 나왔다
""정말 화난다""…4강 진출에도 분노한 메시, 왜?
좋을 줄은 알았지만…차 마시는 습관 '깜짝효과'








이 기사를 추천합니다


기사 추천은 24시간 내 50회까지 참여할 수 있습니다.
닫기






쏠쏠정보
0




흥미진진
0




공감백배
0




분석탁월
0




후속강추
0


 




 












모두에게 보여주고 싶은 기사라면?beta

이 기사를 추천합니다 버튼을 눌러주세요.  집계 기간 동안 추천을 많이 받은 기사는 네이버 자동 기사배열 영역에 추천 요소로 활용됩니다.

레이어 닫기


 


한국경제 언론사홈 바로가기


 

언론사 구독 후 기사보기



구독 없이 계속 보기",https://n.news.naver.com/mnews/article/015/0004785888
20221210,015,"이런 몸으로 헤딩까지…""손흥민 월드컵 출전은 도박이었다""","사진=연합뉴스손흥민이 몸 상태가 예상보다 훨씬 좋지 않다는 영국 의학전문가의 의견이 나왔다.안면 부상에도 마스크를 착용하고 2022 카타르 월드컵에 출전했던 손흥민은 가나전에서 헤딩슛을 시도하는 등 분투했다. 이를 두고 의학전문가들은 ""위험한 시도""라고 입을 모았다.9일(현지시간) 영국 풋볼인사이더는 프리미어리그의 부상 사이트를 운영하며 선수들의 부상에 관한 데이터를 분석하는 의학전문가 벤 디너리의 말을 인용해 ""손흥민은 무엇보다도 휴식과 회복이 필요하다""고 보도했다.디너리는 ""챔피언스리그에서 부상을 당한 이후 손흥민이 카타르에 갈 것인지에 대해 언론의 많은 관심이 있었고, 그는 대표팀에서 뛰어야 한다는 압박감을 받았을 것""이라며 ""그동안 많은 일이 있었기 때문에 지금은 단지 그가 휴식을 취할 기회를 즐길 것""이라고 말했다.마스크 제거와 관련해서는 ""논의는 하겠지만 마스크를 벗는 것은 시기 상조""라고 주장했다.또 ""손흥민의 월드컵 출전은 도박이었지만 비교적 무사히 해낸 것처럼 보인다""면서도 ""그의 복귀는 다른 문제다. 다른 부상 위험에 대한 논의가 필요하다""고 말했다.한편, 손흥민은 월드컵 출전을 앞둔 지난달 9일 ""단 1％의 가능성만 있다면 그 가능성을 보며 얼마 남지 않은 시간 앞만 보며 달려가겠다""고 의지를 다진 바 있다.지난 7일 귀국한 그는 짧은 휴식을 취한 뒤 토트넘으로 복귀할 예정이다. 토트넘의 다음 경기는 오는 26일 브렌트포드와의 리그 17라운드다. 손흥민이 해당 경기에 출전할 가능성은 현재로서는 낮은 상태다.




김수영 한경닷컴 기자 swimmingk@hankyung.com




기자 프로필




















김수영 기자






구독


구독중





구독자 0




응원수
0







음악이 있는 곳을 취재합니다. 가요·공연계 소식을 빠르고 바르게, 그리고 흥미롭게 전하겠습니다.




BTS·블랙핑크 아니다…2022년 '유튜브 왕'은 임영웅


엔믹스 지니, 돌연 팀 탈퇴·JYP 전속계약 해지







한국경제의 구독 많은 기자


한국경제 기사를 더 보고 싶다면?
								구독

한국경제 언론사 구독되었습니다. 메인 뉴스판에서 한국경제 주요뉴스를  볼 수 있습니다.
보러가기


한국경제 언론사 구독 해지되었습니다.


닫기








Copyright ⓒ 한국경제. All rights reserved. 무단 전재 및 재배포 금지.

 
이 기사는 언론사에서 세계 섹션으로 분류했습니다.

기사 섹션 분류 안내
기사의 섹션 정보는 해당 언론사의 분류를 따르고 있습니다. 언론사는 개별 기사를 2개 이상 섹션으로 중복 분류할 수 있습니다.
닫기











구독
메인에서 바로 보는 언론사 편집 뉴스 지금 바로 구독해보세요!


구독중
메인에서 바로 보는 언론사 편집 뉴스 지금 바로 확인해보세요! 보러가기









해외투자 '한경 글로벌마켓'과 함께하세요


한국경제신문과 WSJ, 모바일한경으로 보세요


 





			주요뉴스해당 언론사에서 선정하며 언론사 페이지(아웃링크)로 이동해 볼 수 있습니다.


콧대 높던 '아이폰' 어쩌나…관심 쏟아지는 이유
16강 올랐더니…지켜보던 '그들'이 움직였다
""포르쉐야 좀 비켜줄래?""…'짐승 트럭' 나왔다
""정말 화난다""…4강 진출에도 분노한 메시, 왜?
좋을 줄은 알았지만…차 마시는 습관 '깜짝효과'








이 기사를 추천합니다


기사 추천은 24시간 내 50회까지 참여할 수 있습니다.
닫기






쏠쏠정보
0




흥미진진
0




공감백배
0




분석탁월
0




후속강추
0


 




 












모두에게 보여주고 싶은 기사라면?beta

이 기사를 추천합니다 버튼을 눌러주세요.  집계 기간 동안 추천을 많이 받은 기사는 네이버 자동 기사배열 영역에 추천 요소로 활용됩니다.

레이어 닫기


 


한국경제 언론사홈 바로가기


 

언론사 구독 후 기사보기



구독 없이 계속 보기",https://n.news.naver.com/mnews/article/015/0004785887
20221210,015,[속보] 이상민 해임안 내일 본회의 표결…예산안은 15일 합의처리,"이상민 행정안전부 장관/사진=연합뉴스국회는 오는 11일 오전 본회의를 열어 더불어민주당이 발의한 이상민 행정안전부 장관에 대한 해임건의안을 상정, 표결로 처리한다.내년도 예산안은 여야가 추가 협상을 거쳐 오는 15일 본회의에서 처리한다.




김수영 한경닷컴 기자 swimmingk@hankyung.com




기자 프로필




















김수영 기자






구독


구독중





구독자 0




응원수
0







음악이 있는 곳을 취재합니다. 가요·공연계 소식을 빠르고 바르게, 그리고 흥미롭게 전하겠습니다.




BTS·블랙핑크 아니다…2022년 '유튜브 왕'은 임영웅


엔믹스 지니, 돌연 팀 탈퇴·JYP 전속계약 해지







한국경제의 구독 많은 기자


한국경제 기사를 더 보고 싶다면?
								구독

한국경제 언론사 구독되었습니다. 메인 뉴스판에서 한국경제 주요뉴스를  볼 수 있습니다.
보러가기


한국경제 언론사 구독 해지되었습니다.


닫기








Copyright ⓒ 한국경제. All rights reserved. 무단 전재 및 재배포 금지.

 
이 기사는 언론사에서 정치 섹션으로 분류했습니다.

기사 섹션 분류 안내
기사의 섹션 정보는 해당 언론사의 분류를 따르고 있습니다. 언론사는 개별 기사를 2개 이상 섹션으로 중복 분류할 수 있습니다.
닫기











구독
메인에서 바로 보는 언론사 편집 뉴스 지금 바로 구독해보세요!


구독중
메인에서 바로 보는 언론사 편집 뉴스 지금 바로 확인해보세요! 보러가기









해외투자 '한경 글로벌마켓'과 함께하세요


한국경제신문과 WSJ, 모바일한경으로 보세요


 





			주요뉴스해당 언론사에서 선정하며 언론사 페이지(아웃링크)로 이동해 볼 수 있습니다.


콧대 높던 '아이폰' 어쩌나…관심 쏟아지는 이유
16강 올랐더니…지켜보던 '그들'이 움직였다
""포르쉐야 좀 비켜줄래?""…'짐승 트럭' 나왔다
""정말 화난다""…4강 진출에도 분노한 메시, 왜?
좋을 줄은 알았지만…차 마시는 습관 '깜짝효과'








이 기사를 추천합니다


기사 추천은 24시간 내 50회까지 참여할 수 있습니다.
닫기






쏠쏠정보
0




흥미진진
0




공감백배
0




분석탁월
0




후속강추
0


 




 












모두에게 보여주고 싶은 기사라면?beta

이 기사를 추천합니다 버튼을 눌러주세요.  집계 기간 동안 추천을 많이 받은 기사는 네이버 자동 기사배열 영역에 추천 요소로 활용됩니다.

레이어 닫기


 


한국경제 언론사홈 바로가기


 

언론사 구독 후 기사보기



구독 없이 계속 보기",https://n.news.naver.com/mnews/article/015/0004785886
20221210,015,'캡틴 조로'부터 '한반두'까지…월드컵에 들썩인 한국 [이슈+],"2022 카타르 월드컵국내 화제의 순간 모음



12년 만의 월드컵 16강 진출을 이룬 한국 축구대표팀이 7일 오후 인천국제공항을 통해 귀국, 기념 촬영하고 있다. / 사진=연합뉴스뜨거운 감동을 선사한 2022 카타르 월드컵 한국 축구대표팀의 도전이 막을 내렸다. 12년 만에 16강 진출이라는 쾌거를 이룬 한국이 경기에서 보여준 투혼에 국민은 모처럼 하나가 됐다. 선수들은 각자의 자리로 돌아가 4년 뒤 여정을 위해 또 구슬땀을 흘릴 것이다. 아쉬움은 잠시 뒤로한 채, 국내에서 화제가 된 순간들을 모아 봤다. '캡틴 조로'의 등장



사진=연합뉴스지난달 2일 유럽축구연맹(UEFA) 챔피언스리그(UCL) 경기를 뛰던 주장 손흥민의 부상 소식에 한국 대표팀에는 적신호가 켜졌다. 상대 수비수와 공중볼 경합을 하다 상대 선수 어깨에 얼굴을 강하게 부딪쳤고, 이후 '안와골절' 진단을 받아 수술대에 오르면서다.손흥민이 월드컵 경기에 출전하지 못할 수 있다는 우려가 나왔으나, 손흥민은 검은색 보호대를 착용하고 경기에 임했다. '캡틴 조로'의 등장이었다. 손흥민은 우루과이와의 조별리그 H조 1차전에서 풀타임을 소화했다.'마스크 투혼'을 펼치던 손흥민은 실낱같은 16강 진출 희망이 담긴 포르투갈전에서 보호대를 벗어 손에 들고 뛰는 또 한 번의 투혼을 보여줬다. 손흥민은 당시 포르투갈전을 마친 뒤 취재진과 만나 ""사실 벗으면 안 되지만, 제가 해야 할 일이라고 생각해서 한 것""이라며 ""이제 실처럼 살짝 붙었다고 할 수 있는 상황인데, 저는 이렇게 해야 하는 위치고 제가 좋아서, 제가 해야 할 일이라고 생각해서 한 것""이라고 말했다. 한국을 16강 진출로 이끈 '황소' 황희찬



사진=뉴스1포르투갈전에서 승부를 뒤집은 황희찬의 극장골에 한국 팬들의 몸에는 전율이 흘렀다.황희찬은 포르투갈과의 H조 조별리그 최종 3차전에서 1-1로 팽팽하던 후반 20분 이재성과 교체돼 그라운드에 들어갔다. 점점 올라오는 스피드와 폼에 한국 팬들의 기대감은 고조됐다. 날카롭게 상대 왼쪽 측면을 공략하던 황희찬은 예열을 모두 마친 뒤 후반 추가시간 강력한 슈팅으로 골망을 흔들었다. 말 그대로 경기 종료 직전 승부를 뒤집는 '극장골'이었다.승리의 기쁨을 만끽한 황희찬의 세리머니도 또 하나의 볼거리였다. 바로 황희찬이 입고 있던 정체불명의 '검은색 속옷'에 축구 팬들의 시선이 꽂힌 것이다. 여러 패러디를 만들어낸 이 속옷은 첨단 기술이 녹아있는 웨어러블 기기였다고 한다. 황희찬은 당시 세리머니에 대해 ""너무 기뻐서 어떻게 표현해야 할지 몰랐다""고 말했다. '샛별'에서 '슈퍼스타'로 뜬 조규성



사진=연합뉴스이번 월드컵에서 한국의 '미남 골잡이'로 대번에 슈퍼스타 반열에 오른 선수가 있다. 바로 조규성이다. 얼굴만 잘생긴 게 아니다. 한국 팬들은 조규성이 가나와의 H조 조별리그 2차전에서 보여준 '멀티골'에 매료됐다. 단 3분 만에 두 골을 몰아 넣은 조규성은 미국 ESPN 등 여러 매체로부터 이번 대회 각종 '베스트 11' 콘텐츠에 포함됐다.조규성의 사회관계망서비스(SNS) 인스타그램 팔로워 수가 그 인기를 증명하고 있다. 월드컵 개막 이전 2만 명이었던 팔로워 수는 9일 기준 약 275만명으로 폭증했다. 이번 시즌 K리그 득점왕에 오를 정도의 실력에 외모까지 갖춘 준비된 스타의 등장에 한국 팬들은 즐거워하는 분위기다.  알고보니 '한반두'였어…한국의 12번째 선수?



사진=온라인 커뮤니티포르투갈전 승리 이후 한국 팬들이 '한국의 12번째 선수'로 명명한 선수가 있다. 바로 포르투갈의 슈퍼스타 크리스티아누 호날두다.호날두는 한국과 포르투갈의 H조 조별리그 최종전에서 자신의 등을 활용한 기가 막힌 '킬패스'로 한국의 16강 진출을 도왔다. 경기 내내 극도로 부진한 모습을 보인 호날두가 한국 골키퍼 김승규와 1대1 찬스에서 날린 회심의 헤딩은 한국 팬들이 호날두의 포지션을 '중앙 수비수'로 바꿔 부르게 된 계기가 됐다.이에 누리꾼들은 '호날두가 한국에 큰 도움을 줬다'며 사회관계망서비스(SNS)와 온라인커뮤니티를 중심으로 각종 합성 사진, 패러디 등을 쏟아냈다.합성 사진으로 '호날두(號捺頭) 재외국민 주민등록증'을 발급하거나, 사용자가 내용을 채우는 인터넷 백과사전 '나무위키' 사이트에 호날두의 국적을 '대한민국'으로 수정한 누리꾼도 있었다. 한반도와 호날두를 합친 '한반두'라는 말도 유행했다.2019년 호날두가 K리그 올스타와 경기를 치르기 위해 한국을 찾았다가 경기에 출전하지 않았던 이른바 '노쇼' 논란을 겨냥해 합성된 방송화면 이미지를 만들기도 했다. 이미지 속 호날두는 ""안녕, 한국 팬들. 이걸로 된 거지?""라고 사과한다.




홍민성 한경닷컴 기자(mshong@hankyung.com)




기자 프로필




















홍민성 기자






구독


구독중





구독자 0




응원수
0







안녕하세요. 홍민성 기자입니다.




김건희랑 '셀카' 찍었다고…조규성 SNS 악플 쏟아졌다


변기 뚜껑 안 닫고 물 내렸더니…""물로켓 같았다"" 충격 [영상]







한국경제의 구독 많은 기자


한국경제 기사를 더 보고 싶다면?
								구독

한국경제 언론사 구독되었습니다. 메인 뉴스판에서 한국경제 주요뉴스를  볼 수 있습니다.
보러가기


한국경제 언론사 구독 해지되었습니다.


닫기








Copyright ⓒ 한국경제. All rights reserved. 무단 전재 및 재배포 금지.

 
이 기사는 언론사에서 세계 섹션으로 분류했습니다.

기사 섹션 분류 안내
기사의 섹션 정보는 해당 언론사의 분류를 따르고 있습니다. 언론사는 개별 기사를 2개 이상 섹션으로 중복 분류할 수 있습니다.
닫기











구독
메인에서 바로 보는 언론사 편집 뉴스 지금 바로 구독해보세요!


구독중
메인에서 바로 보는 언론사 편집 뉴스 지금 바로 확인해보세요! 보러가기









해외투자 '한경 글로벌마켓'과 함께하세요


한국경제신문과 WSJ, 모바일한경으로 보세요


 





			주요뉴스해당 언론사에서 선정하며 언론사 페이지(아웃링크)로 이동해 볼 수 있습니다.


콧대 높던 '아이폰' 어쩌나…관심 쏟아지는 이유
16강 올랐더니…지켜보던 '그들'이 움직였다
""포르쉐야 좀 비켜줄래?""…'짐승 트럭' 나왔다
""정말 화난다""…4강 진출에도 분노한 메시, 왜?
좋을 줄은 알았지만…차 마시는 습관 '깜짝효과'








이 기사를 추천합니다


기사 추천은 24시간 내 50회까지 참여할 수 있습니다.
닫기






쏠쏠정보
0




흥미진진
0




공감백배
0




분석탁월
0




후속강추
0


 




 












모두에게 보여주고 싶은 기사라면?beta

이 기사를 추천합니다 버튼을 눌러주세요.  집계 기간 동안 추천을 많이 받은 기사는 네이버 자동 기사배열 영역에 추천 요소로 활용됩니다.

레이어 닫기


 


한국경제 언론사홈 바로가기


 

언론사 구독 후 기사보기



구독 없이 계속 보기",https://n.news.naver.com/mnews/article/015/0004785885
20221210,015,"文 ""마루가 저세상으로 떠났다""…반려견 사망 소식 알려","""아침 산책 중 스르르 주저 앉아""""더없이 고마운 친구""…애정 드러내



문재인 전 대통령이 반려견 마루의 사망 소식을 전했다. /사진=페이스북문재인 전 대통령이 반려견 마루의 사망 소식을 전했다.문 전 대통령은 10일 페이스북을 통해 ""오늘 마루가 저세상으로 떠났다""고 밝혔다.마루는 문 전 대통령이 2008년 2월 참여정부를 마치고 양산시 매곡동에 집을 마련해 살기 시작했을 무렵부터 길러온 반려견이다.대통령 취임 후에는 청와대에서 함께 살았고, 올해 5월 퇴임 후에는 문 전 대통령 부부와 함께 양산시 하북면 평산마을 새 사저로 내려와 지냈다.문 전 대통령은 ""아침 산책 중에 스르르 주저앉았고, 곧 마지막 숨을 쉬었다""며 ""고통이나 신음소리 없이 편안한 표정으로 갔다. 산책길에 요즘 즐겨 먹던 떨어진 홍시감을 맛있게 먹기도 했다""고 전했다.이어 ""마지막 산책을 함께 하고, 숨을 거둘 때 쓰다듬어 줄 수 있었으니 매우 다행이었다""고 덧붙였다.문 전 대통령은 마루에 대해 ""내가 참여정부를 마치고 양산 매곡 골짜기에서 살기 시작할 때부터 지금까지 긴 세월 격변의 기간 동안 우리 가족의 든든한 반려였고, 많은 위로와 행복을 주었다""고 회상하며 ""내게는 더없이 고마운 친구""라고 했다.마루는 2018년 김정은 북한 국무위원장이 문 전 대통령에게 선물한 풍산개 한 쌍 중 암컷인 '곰이'와 사이에 새끼 7마리를 낳기도 했다.문 전 대통령은 ""매곡의 뒷산 대운산 자락을 맘껏 뛰어다녔고, 청와대에 살면서 북한 풍산개 곰이와 사랑을 나누고 남북합작을 만들어 내기도 했으니 그만하면 잘 산 견생이었다""면서 ""화장해 우리 집 마당 나무 사이에 수목장했다""고 밝혔다.




김수영 한경닷컴 기자 swimmingk@hankyung.com




기자 프로필




















김수영 기자






구독


구독중





구독자 0




응원수
0







음악이 있는 곳을 취재합니다. 가요·공연계 소식을 빠르고 바르게, 그리고 흥미롭게 전하겠습니다.




BTS·블랙핑크 아니다…2022년 '유튜브 왕'은 임영웅


엔믹스 지니, 돌연 팀 탈퇴·JYP 전속계약 해지







한국경제의 구독 많은 기자


한국경제 기사를 더 보고 싶다면?
								구독

한국경제 언론사 구독되었습니다. 메인 뉴스판에서 한국경제 주요뉴스를  볼 수 있습니다.
보러가기


한국경제 언론사 구독 해지되었습니다.


닫기








Copyright ⓒ 한국경제. All rights reserved. 무단 전재 및 재배포 금지.

 
이 기사는 언론사에서 정치 섹션으로 분류했습니다.

기사 섹션 분류 안내
기사의 섹션 정보는 해당 언론사의 분류를 따르고 있습니다. 언론사는 개별 기사를 2개 이상 섹션으로 중복 분류할 수 있습니다.
닫기











구독
메인에서 바로 보는 언론사 편집 뉴스 지금 바로 구독해보세요!


구독중
메인에서 바로 보는 언론사 편집 뉴스 지금 바로 확인해보세요! 보러가기









해외투자 '한경 글로벌마켓'과 함께하세요


한국경제신문과 WSJ, 모바일한경으로 보세요


 





			주요뉴스해당 언론사에서 선정하며 언론사 페이지(아웃링크)로 이동해 볼 수 있습니다.


콧대 높던 '아이폰' 어쩌나…관심 쏟아지는 이유
16강 올랐더니…지켜보던 '그들'이 움직였다
""포르쉐야 좀 비켜줄래?""…'짐승 트럭' 나왔다
""정말 화난다""…4강 진출에도 분노한 메시, 왜?
좋을 줄은 알았지만…차 마시는 습관 '깜짝효과'








이 기사를 추천합니다


기사 추천은 24시간 내 50회까지 참여할 수 있습니다.
닫기






쏠쏠정보
0




흥미진진
0




공감백배
0




분석탁월
0




후속강추
0


 




 












모두에게 보여주고 싶은 기사라면?beta

이 기사를 추천합니다 버튼을 눌러주세요.  집계 기간 동안 추천을 많이 받은 기사는 네이버 자동 기사배열 영역에 추천 요소로 활용됩니다.

레이어 닫기


 


한국경제 언론사홈 바로가기


 

언론사 구독 후 기사보기



구독 없이 계속 보기",https://n.news.naver.com/mnews/article/015/0004785884
20221210,015,"머스크, 거액 들여 트위터 사더니…'세계 최고 부자' 자리 위태","일론 머스크 /사진=로이터연합뉴스일론 머스크 테슬라 최고경영자(CEO)가 '세계 최고 갑부' 자리를 빼앗길 수 있다는 관측이 나왔다.9일(현지시간) 영국 일간 가디언은 현재 테슬라의 기업가치가 머스크가 트위터를 인수하겠다고 밝힌 4월 당시의 절반 수준으로 줄었다고 보도했다.보도에 따르면 테슬라 주가는 머스크가 트위터 인수를 밝히기 전날인 4월 13일 340.79달러(44만5000원)에서 지난 8일 173.44달러(약 22만6500원)를 기록했다. 약 8개월 만에 49% 급락했다.앞서 머스크는 434억달러(약 56조원)를 들여 트위터를 인수하겠다고 밝혔다. 이후 인수 비용을 충당하기 위해 200억 달러(약 26조원) 상당의 본인 소유 테슬라 주식을 매각했다.이에 시장은 머스크가 보유하고 있는 테슬라 주식이 4억4500만주로 줄었다고 추산했다. 아직 770억 달러(약 100조5000억원) 상당의 테슬라 주식을 가지고 있는 셈이지만, 4월 당시만 해도 테슬라 주식 4억4500만주는 현재보다 훨씬 높은 가치인 1510억 달러(약 197조원)였다.가디언은 머스크가 세계 최고 갑부의 자리를 위협받을 가능성이 커졌다고 분석했다.실제로 지난 7일(현지시간) 경제 전문지 포브스가 집계하는 실시간 억만장자 순위에서 머스크는 루이뷔통모에헤네스(LVMH)의 아르노 회장에게 한때 1위 자리를 빼앗겼다.




김수영 한경닷컴 기자 swimmingk@hankyung.com




기자 프로필




















김수영 기자






구독


구독중





구독자 0




응원수
0







음악이 있는 곳을 취재합니다. 가요·공연계 소식을 빠르고 바르게, 그리고 흥미롭게 전하겠습니다.




BTS·블랙핑크 아니다…2022년 '유튜브 왕'은 임영웅


엔믹스 지니, 돌연 팀 탈퇴·JYP 전속계약 해지







한국경제의 구독 많은 기자


한국경제 기사를 더 보고 싶다면?
								구독

한국경제 언론사 구독되었습니다. 메인 뉴스판에서 한국경제 주요뉴스를  볼 수 있습니다.
보러가기


한국경제 언론사 구독 해지되었습니다.


닫기








Copyright ⓒ 한국경제. All rights reserved. 무단 전재 및 재배포 금지.

 
이 기사는 언론사에서 세계 섹션으로 분류했습니다.

기사 섹션 분류 안내
기사의 섹션 정보는 해당 언론사의 분류를 따르고 있습니다. 언론사는 개별 기사를 2개 이상 섹션으로 중복 분류할 수 있습니다.
닫기











구독
메인에서 바로 보는 언론사 편집 뉴스 지금 바로 구독해보세요!


구독중
메인에서 바로 보는 언론사 편집 뉴스 지금 바로 확인해보세요! 보러가기









해외투자 '한경 글로벌마켓'과 함께하세요


한국경제신문과 WSJ, 모바일한경으로 보세요


 





			주요뉴스해당 언론사에서 선정하며 언론사 페이지(아웃링크)로 이동해 볼 수 있습니다.


콧대 높던 '아이폰' 어쩌나…관심 쏟아지는 이유
16강 올랐더니…지켜보던 '그들'이 움직였다
""포르쉐야 좀 비켜줄래?""…'짐승 트럭' 나왔다
""정말 화난다""…4강 진출에도 분노한 메시, 왜?
좋을 줄은 알았지만…차 마시는 습관 '깜짝효과'








이 기사를 추천합니다


기사 추천은 24시간 내 50회까지 참여할 수 있습니다.
닫기






쏠쏠정보
0




흥미진진
0




공감백배
0




분석탁월
0




후속강추
0


 




 












모두에게 보여주고 싶은 기사라면?beta

이 기사를 추천합니다 버튼을 눌러주세요.  집계 기간 동안 추천을 많이 받은 기사는 네이버 자동 기사배열 영역에 추천 요소로 활용됩니다.

레이어 닫기


 


한국경제 언론사홈 바로가기


 

언론사 구독 후 기사보기



구독 없이 계속 보기",https://n.news.naver.com/mnews/article/015/0004785883
20221210,015,"달리던 덤프트럭, 펜션 들이받고 호수로 추락…운전자 사망","사진=게티이미지뱅크전라북도 진안에서 도로를 달리던 25t 덤프트럭이 호수로 추락해 운전자가 숨지는 사고가 발생했다.전북소방본부에 따르면 10일 오전 9시 45분께 덤프트럭이 펜션을 들이받은 뒤 저수지로 빠졌다는 신고가 접수됐다. 당시 펜션에 있던 목격자가 119에 신고했다.출동한 119구조대는 수중 구조작업을 벌여 이날 오후 3시 58분께 진안군 용담호에서 숨진 A(58)씨를 발견했다. 운전자가 차량 밖에서 발견돼 수색 시간이 다소 오래 걸린 것으로 전해졌다.경찰과 소방당국은 목격자 등을 상대로 정확한 사고 경위를 조사할 예정이다.




김수영 한경닷컴 기자 swimmingk@hankyung.com




기자 프로필




















김수영 기자






구독


구독중





구독자 0




응원수
0







음악이 있는 곳을 취재합니다. 가요·공연계 소식을 빠르고 바르게, 그리고 흥미롭게 전하겠습니다.




BTS·블랙핑크 아니다…2022년 '유튜브 왕'은 임영웅


엔믹스 지니, 돌연 팀 탈퇴·JYP 전속계약 해지







한국경제의 구독 많은 기자


한국경제 기사를 더 보고 싶다면?
								구독

한국경제 언론사 구독되었습니다. 메인 뉴스판에서 한국경제 주요뉴스를  볼 수 있습니다.
보러가기


한국경제 언론사 구독 해지되었습니다.


닫기








Copyright ⓒ 한국경제. All rights reserved. 무단 전재 및 재배포 금지.

 
이 기사는 언론사에서 사회 섹션으로 분류했습니다.

기사 섹션 분류 안내
기사의 섹션 정보는 해당 언론사의 분류를 따르고 있습니다. 언론사는 개별 기사를 2개 이상 섹션으로 중복 분류할 수 있습니다.
닫기











구독
메인에서 바로 보는 언론사 편집 뉴스 지금 바로 구독해보세요!


구독중
메인에서 바로 보는 언론사 편집 뉴스 지금 바로 확인해보세요! 보러가기









해외투자 '한경 글로벌마켓'과 함께하세요


한국경제신문과 WSJ, 모바일한경으로 보세요


 





			주요뉴스해당 언론사에서 선정하며 언론사 페이지(아웃링크)로 이동해 볼 수 있습니다.


콧대 높던 '아이폰' 어쩌나…관심 쏟아지는 이유
엄마가 대학 못 나오면, 자녀 발달장애 가능성?
""포르쉐야 좀 비켜줄래?""…'짐승 트럭' 나왔다
""정말 화난다""…4강 진출에도 분노한 메시, 왜?
좋을 줄은 알았지만…차 마시는 습관 '깜짝효과'








이 기사를 추천합니다


기사 추천은 24시간 내 50회까지 참여할 수 있습니다.
닫기






쏠쏠정보
0




흥미진진
0




공감백배
0




분석탁월
0




후속강추
0


 




 












모두에게 보여주고 싶은 기사라면?beta

이 기사를 추천합니다 버튼을 눌러주세요.  집계 기간 동안 추천을 많이 받은 기사는 네이버 자동 기사배열 영역에 추천 요소로 활용됩니다.

레이어 닫기


 


한국경제 언론사홈 바로가기


 

언론사 구독 후 기사보기



구독 없이 계속 보기",https://n.news.naver.com/mnews/article/015/0004785882
20221210,015,월드컵 16강 오르자 '반전'…지켜보던 '그들'이 움직였다 [신현보의 딥데이터],"尹 지지율 33%…3개월만 최고치與, 오차범위 밖 野 역전…3개월만중도층 파업+월드컵 효과에 이동도어스테핑 중단으로 악재는 소멸



윤석열 대통령이 8일 오후 청와대 영빈관에서 열린 카타르 월드컵 축구 국가대표팀 환영 만찬에서 황희찬 선수와 셀카를 찍고 있다. (대통령실 제공) /사진=뉴스1박스권에 갇혔던 정부·여당의 지지율에 변화가 일고 있다. 각종 여론조사에서 윤석열 대통령과 국민의힘 지지율이 상승세를 보이는 것. 화물연대 파업 해소와 월드컵 선전 효과로 호재는 부상하고 도어스테핑(약식 기자회견)으로 인한 불필요한 논란 등 악재는 소멸되면서 중도층이 움직였다는 분석이 나온다. 정부·여당 지지율 3개월만에 최고



출처=한국갤럽



출처=한국갤럽12월 2주차 한국갤럽 여론조사에 따르면 윤 대통령의 국정 수행 긍정 평가는 3주째 상승세를 이어가 33%로 집계됐다. 부정 평가는 3주째 내려 59%였다. 이 같은 수치는 3개월 전인 9월 3주차 이후 처음이다.해당 여론조사에서 윤 대통령 지지율은 한때 24%까지 떨어졌고, 부정 평가는 65%까지 상승한 바 있다. 그러나 최근 3개월 간 긍정 평가는 30% 안팎에서 크게 오르지 않고 부정 평가도 60%대에서 크게 내리지 않는 박스권 흐름이 이어졌다.국민의힘 지지율도 유사한 흐름을 보였다. 최근 2주 연속 오른 결과, 이번주 36%로 더불어민주당과의 격차를 전주 2%포인트에서 4%포인트로 벌렸다. 국민의힘이 오차범위 밖으로 민주당을 앞섰던 것은 지난 9월 3주째 이후 처음 있는 일이다.움직인 것은 중도층이다. 윤 대통령 지지율과 여당 지지율이 가장 낮았던 지난 9월 5주차에 중도층은 윤 대통령을 향해선 18%, 여당에 대해선 22%만이 지지를 보냈다. 최근 이들은 윤 대통령에게는 30%, 여당에는 29%의 지지를 보내고 있다. 당시 8%포인트로 야당이 앞서던 중도층의 여야 지지율은 이제 동률이 됐다. 한국갤럽은 ""6월 이후 정당 지지도 변동은 주로 성향 중도층에서 비롯한다""고 분석했다. 호재는 늘고 악재는 줄고



9일 민주노총 공공운수 노조 화물연대 충남본부 조합원들이 파업철회 찬반투표 결과 파업종료로 가결 되면서 충남 당진시 현대글로비스 앞 파업 농성장을 철거하고 있다. /사진=뉴스1이는 파업 사태는 해소되고 월드컵에서는 선전하는 등 경기 및 국가 호재는 늘어난 반면, 도어스테핑 중단으로 잡음이 줄어든 탓이라는 분석이 나온다. 공교롭게도 세 사건 모두 정부 여당의 지지율이 오르기 시작한 11월 3주차에 시작됐다.이중 민주노총 공공운수노조 화물연대본부(이하 화물연대) 등의 파업은 최근 고물가·고환율·고금리 등 '3고' 현상과 경기 하강 위기 속에서 물류대란 등 경기 불안 요소로 떠오르고 있던 터다. 결국 정부·여당과의 강 대 강 대치 후 화물연대는 9일 조합원 총투표로 '총파업 종료'를 가결했다.이번주 갤럽에서 윤 대통령을 긍정적으로 평가한 응답자들에게 물은 결과, '노조 대응'이 24%로 전주 대비 16%포인트나 늘어나면서 1위를 차지했다. 또 이번주 초 윤 대통령 지지율이 40%대에 근접했다는 조사 결과가 나온 리얼미터의 배철호 리얼미터 수석전문위원도 ""경제위기 상황에서 윤 대통령의 '업무개시 명령' 등 원칙적인 대응이 긍정 평가 상승의 모멘텀으로 작동한 것""이라고 평가했다.



윤석열 대통령과 김건희 여사가 8일 청와대 영빈관에서 열린 축구 국가대표팀 환영 만찬에서 손흥민 선수와 이강인 선수로부터 축구공과 유니폼을 선물받은 뒤 기념촬영을 하고 있다. /사진=연합뉴스월드컵 특수도 작용하고 있다는 평가다. 브라질전에서 패하면서 8강에는 오르지 못했으나, 예상 밖으로 포르투갈을 꺾고 16강에 진출하면서 전반적인 여론이 쏠린 분위기라는 것이다.스포츠 이벤트 효과는 과거 정부에서도 적지 않게 목격된 바 있다. 임기 초 2008년 '광우병 쇠고기 파동'으로 지지율 저점을 찍은 이명박 전 대통령은 그해 8월 베이징 올림픽 기점으로 지지율이 10%포인트 넘게 올랐다는 조사(CBS·리얼미터 조사, 8월 6~7일 23.1%→8월 19~20일 35.2%)가 있었다. 문재인 전 대통령의 지지율 또한 2018년 2월 시작된 평창올림픽 전에는 한국갤럽 조사에서 60%대를 기록하다 3월부터는 70%대로 올라섰다.노조 대응에 따른 지지율 추이는 지켜봐야 한다는 반면, 월드컵 호재는 단기에 그친다는 평가도 나온다. 정청래 더불어민주당 의원은 6일 KBS 라디오 최경영의 최강시사에서 윤 대통령의 최근 지지율 반등세에 대해서 '월드컵 반짝 효과'라며 ""40%도 안 넘었는데 그것을 누가 자랑하냐. 문재인 전 대통령의 지지율은 40% 이하로 내려간 적이 몇 번 없다""고 말했다.




신현보 한경닷컴 기자 greaterfool@hankyung.com




기자 프로필




















신현보 기자






구독


구독중





구독자 0




응원수
0







과거를 통해 미래를 위해




네이마르 유니폼 교환 요청에…윙크로 화답한 이강인


'日 결승골 오심 논란'…이틀 뒤 FIFA가 내놓은 결론







한국경제의 구독 많은 기자


한국경제 기사를 더 보고 싶다면?
								구독

한국경제 언론사 구독되었습니다. 메인 뉴스판에서 한국경제 주요뉴스를  볼 수 있습니다.
보러가기


한국경제 언론사 구독 해지되었습니다.


닫기








Copyright ⓒ 한국경제. All rights reserved. 무단 전재 및 재배포 금지.

 
이 기사는 언론사에서 정치 섹션으로 분류했습니다.

기사 섹션 분류 안내
기사의 섹션 정보는 해당 언론사의 분류를 따르고 있습니다. 언론사는 개별 기사를 2개 이상 섹션으로 중복 분류할 수 있습니다.
닫기











구독
메인에서 바로 보는 언론사 편집 뉴스 지금 바로 구독해보세요!


구독중
메인에서 바로 보는 언론사 편집 뉴스 지금 바로 확인해보세요! 보러가기









해외투자 '한경 글로벌마켓'과 함께하세요


한국경제신문과 WSJ, 모바일한경으로 보세요


 





			주요뉴스해당 언론사에서 선정하며 언론사 페이지(아웃링크)로 이동해 볼 수 있습니다.


콧대 높던 '아이폰' 어쩌나…관심 쏟아지는 이유
16강 올랐더니…지켜보던 '그들'이 움직였다
""포르쉐야 좀 비켜줄래?""…'짐승 트럭' 나왔다
""정말 화난다""…4강 진출에도 분노한 메시, 왜?
좋을 줄은 알았지만…차 마시는 습관 '깜짝효과'








이 기사를 추천합니다


기사 추천은 24시간 내 50회까지 참여할 수 있습니다.
닫기






쏠쏠정보
0




흥미진진
0




공감백배
0




분석탁월
0




후속강추
0


 




 












모두에게 보여주고 싶은 기사라면?beta

이 기사를 추천합니다 버튼을 눌러주세요.  집계 기간 동안 추천을 많이 받은 기사는 네이버 자동 기사배열 영역에 추천 요소로 활용됩니다.

레이어 닫기


 


한국경제 언론사홈 바로가기


 

언론사 구독 후 기사보기



구독 없이 계속 보기",https://n.news.naver.com/mnews/article/015/0004785881
20221210,015,"""도로의 의인들""…의식 잃은 운전자 구조한 육군 부사관들","도로 위에서 의식 잃은 운전자를 구조한 육군 28사단 예하 광명대대의 한정휘 중사(왼쪽)와 최지훈 하사 /사진=연합뉴스20대 육군 부사관들이 도로에서 의식을 잃은 운전자를 구조한 사연이 알려져 화제다.육군 28사단 예하 광명대대의 한정휘(22) 중사와 최지훈(21) 하사는 지난 8일 오전 11시께 경기 동두천시 소요산 근처에서 차량으로 이동하던 중 반대편 차선에서 운행하다가 급정거한 소형 트럭을 발견했다.한 중사와 최 하사는 운전자의 상태가 좋지 않다고 판단하고 갓길에 주차 후 트럭으로 달려갔다. 한 중사는 트럭 운전석에서 뇌전증 증세로 쓰러진 운전자를 발견, 다른 시민들과 함께 구조한 뒤 의식을 회복시키기 위해 손과 발을 마사지하며 대화를 시도했다. 최 하사는 119 신고로 응급환자 발생을 알린 뒤 수신호로 도로를 통제해 2차 교통사고를 막았다.이러한 사실은 한 제보자가 페이스북 커뮤니티 '육군훈련소 대신 전해드립니다'에 사연을 올리며 알려졌다. 제보자는 ""도로의 의인들""이라며 ""제 일처럼 나서 도와주신 시민분들과 군인분들한테 다시 한번 감사하다고 전해드리고 싶다""고 말했다. 응급조치를 받고 의식을 회복한 트럭 운전자는 신고를 받고 도착한 119 구급대원들에 의해 병원으로 이송된 뒤 건강을 회복한 것으로 전해졌다.육군 28사단은 한 중사와 최 하사에 대한 표창 수여 등을 진행할 계획이다.




김수영 한경닷컴 기자 swimmingk@hankyung.com




기자 프로필




















김수영 기자






구독


구독중





구독자 0




응원수
0







음악이 있는 곳을 취재합니다. 가요·공연계 소식을 빠르고 바르게, 그리고 흥미롭게 전하겠습니다.




BTS·블랙핑크 아니다…2022년 '유튜브 왕'은 임영웅


엔믹스 지니, 돌연 팀 탈퇴·JYP 전속계약 해지







한국경제의 구독 많은 기자


한국경제 기사를 더 보고 싶다면?
								구독

한국경제 언론사 구독되었습니다. 메인 뉴스판에서 한국경제 주요뉴스를  볼 수 있습니다.
보러가기


한국경제 언론사 구독 해지되었습니다.


닫기








Copyright ⓒ 한국경제. All rights reserved. 무단 전재 및 재배포 금지.

 
이 기사는 언론사에서 사회 섹션으로 분류했습니다.

기사 섹션 분류 안내
기사의 섹션 정보는 해당 언론사의 분류를 따르고 있습니다. 언론사는 개별 기사를 2개 이상 섹션으로 중복 분류할 수 있습니다.
닫기











구독
메인에서 바로 보는 언론사 편집 뉴스 지금 바로 구독해보세요!


구독중
메인에서 바로 보는 언론사 편집 뉴스 지금 바로 확인해보세요! 보러가기









해외투자 '한경 글로벌마켓'과 함께하세요


한국경제신문과 WSJ, 모바일한경으로 보세요


 





			주요뉴스해당 언론사에서 선정하며 언론사 페이지(아웃링크)로 이동해 볼 수 있습니다.


콧대 높던 '아이폰' 어쩌나…관심 쏟아지는 이유
엄마가 대학 못 나오면, 자녀 발달장애 가능성?
""포르쉐야 좀 비켜줄래?""…'짐승 트럭' 나왔다
""정말 화난다""…4강 진출에도 분노한 메시, 왜?
좋을 줄은 알았지만…차 마시는 습관 '깜짝효과'








이 기사를 추천합니다


기사 추천은 24시간 내 50회까지 참여할 수 있습니다.
닫기






쏠쏠정보
0




흥미진진
0




공감백배
0




분석탁월
0




후속강추
0


 




 












모두에게 보여주고 싶은 기사라면?beta

이 기사를 추천합니다 버튼을 눌러주세요.  집계 기간 동안 추천을 많이 받은 기사는 네이버 자동 기사배열 영역에 추천 요소로 활용됩니다.

레이어 닫기


 


한국경제 언론사홈 바로가기


 

언론사 구독 후 기사보기



구독 없이 계속 보기",https://n.news.naver.com/mnews/article/015/0004785880
20221210,015,부모가 시골집에 김장하러 간 사이…혼자 자던 6살 딸 참변,"사진은 기사와 무관/사진=게티이미지뱅크부모가 김장하러 간 사이 공장에서 난 불로 이곳에서 홀로 자던 6세 여아가 참변을 당했다.10일 경찰 등에 따르면 전날 오후 8시 29분쯤 장흥군 장흥읍의 한 식품 가공업체 공장 2층 거주 공간에서 화재가 발생했다. 학원에 다녀온 셋째(14)가 화재로 비상벨이 울리는 것을 보고 급히 소방에 신고했다. 이 불은 25분만에 꺼졌지만, 홀로 잠자던 업체 대표의 막내딸 A양(6)이 심정지 상태로 발견돼 병원으로 옮겼지만 사망했다.이날 A양의 부모는 김장하러 시골집에 가고 다른 형제·자매들은 외출한 사이 A양 혼자 변을 당한 것으로 알려졌다. 대표 부부와 자녀 4남매는 가공식품을 생산하는 업체 공장 2층을 거주 공간으로 만들어 지낸 것으로 알려졌다.




채선희 한경닷컴 기자 csun00@hankyung.com




기자 프로필




















채선희 기자






구독


구독중





구독자 0




응원수
0







매일의 뉴스가 당신의 인생을, 세상을 바꿉니다. 품격을 잃지 않는 언론인이 되겠습니다.




""승부차기에서 패하다니…"" 브라질, 8강서 짐쌌다


[속보]아르헨티나, 승부차기 끝에 네덜란드 꺾고 4강행







한국경제의 구독 많은 기자


한국경제 기사를 더 보고 싶다면?
								구독

한국경제 언론사 구독되었습니다. 메인 뉴스판에서 한국경제 주요뉴스를  볼 수 있습니다.
보러가기


한국경제 언론사 구독 해지되었습니다.


닫기








Copyright ⓒ 한국경제. All rights reserved. 무단 전재 및 재배포 금지.

 
이 기사는 언론사에서 사회 섹션으로 분류했습니다.

기사 섹션 분류 안내
기사의 섹션 정보는 해당 언론사의 분류를 따르고 있습니다. 언론사는 개별 기사를 2개 이상 섹션으로 중복 분류할 수 있습니다.
닫기











구독
메인에서 바로 보는 언론사 편집 뉴스 지금 바로 구독해보세요!


구독중
메인에서 바로 보는 언론사 편집 뉴스 지금 바로 확인해보세요! 보러가기









해외투자 '한경 글로벌마켓'과 함께하세요


한국경제신문과 WSJ, 모바일한경으로 보세요


 





			주요뉴스해당 언론사에서 선정하며 언론사 페이지(아웃링크)로 이동해 볼 수 있습니다.


콧대 높던 '아이폰' 어쩌나…관심 쏟아지는 이유
엄마가 대학 못 나오면, 자녀 발달장애 가능성?
""포르쉐야 좀 비켜줄래?""…'짐승 트럭' 나왔다
""정말 화난다""…4강 진출에도 분노한 메시, 왜?
좋을 줄은 알았지만…차 마시는 습관 '깜짝효과'








이 기사를 추천합니다


기사 추천은 24시간 내 50회까지 참여할 수 있습니다.
닫기






쏠쏠정보
0




흥미진진
0




공감백배
0




분석탁월
0




후속강추
0


 




 












모두에게 보여주고 싶은 기사라면?beta

이 기사를 추천합니다 버튼을 눌러주세요.  집계 기간 동안 추천을 많이 받은 기사는 네이버 자동 기사배열 영역에 추천 요소로 활용됩니다.

레이어 닫기


 


한국경제 언론사홈 바로가기


 

언론사 구독 후 기사보기



구독 없이 계속 보기",https://n.news.naver.com/mnews/article/015/0004785879
20221210,015,"머스크, '팝의 전설' 엘턴 존에 ""돌아와 달라"" 사정한 이유","엘턴 존 /사진=AP'팝의 전설' 엘턴 존(75)이 트위터 탈퇴를 선언했다. 110만명 이상의 팔로워를 보유 중인 엘턴 존의 '손절'에 머스크는 ""돌아와 달라""고 요청했다. 엘턴 존은 9일(현지시간) 자신의 트위터 계정에 글을 올려 ""더 이상 트위터를 사용하지 않기로 결정했다""고 밝혔다. 그는 ""잘못된 정보가 확인되지 않은 채 넘치도록 내버려 두는 최근의 콘텐츠 관리 정책 변화를 고려한 것""이라고 이유를 밝혔다.이어 ""난 평생 음악을 활용해 사람들을 하나로 모으기 위해 노력해왔다. 하지만 우리의 세상을 분열시키는데 거짓 정보가 어떻게 사용되고 있는지를 지켜보는 것은 나를 슬프게 한다""고 전했다.엘턴 존은 110만명이 넘는 트위터 팔로워를 보유 중이다. 전설적인 가수인 그가 직접 트위터 사용을 중단하겠다고 발표하자 머스크는 여론을 의식한 듯 해당 글에 댓글을 남겼다.머스크는 ""당신의 음악을 사랑한다. 트위터로 돌아오길 바란다""고 했다. 더불어 ""특별히 우려하는 거짓 정보가 있느냐""고 묻기도 했다.한머스크는 트위터를 인수한 뒤 대규모 정리 해고와 도널드 트럼프 전 미국 대통령 계정 복원, 콘텐츠 관리 정책 변경 등으로 논란을 일으켰다. 엘턴 존에 앞서 모델 지지 하디드, 방송작가 겸 프로듀서 숀다 라임스 등도 트위터를 탈퇴했다. 




김수영 한경닷컴 기자 swimmingk@hankyung.com




기자 프로필




















김수영 기자






구독


구독중





구독자 0




응원수
0







음악이 있는 곳을 취재합니다. 가요·공연계 소식을 빠르고 바르게, 그리고 흥미롭게 전하겠습니다.




BTS·블랙핑크 아니다…2022년 '유튜브 왕'은 임영웅


엔믹스 지니, 돌연 팀 탈퇴·JYP 전속계약 해지







한국경제의 구독 많은 기자


한국경제 기사를 더 보고 싶다면?
								구독

한국경제 언론사 구독되었습니다. 메인 뉴스판에서 한국경제 주요뉴스를  볼 수 있습니다.
보러가기


한국경제 언론사 구독 해지되었습니다.


닫기








Copyright ⓒ 한국경제. All rights reserved. 무단 전재 및 재배포 금지.

 
이 기사는 언론사에서 세계 섹션으로 분류했습니다.

기사 섹션 분류 안내
기사의 섹션 정보는 해당 언론사의 분류를 따르고 있습니다. 언론사는 개별 기사를 2개 이상 섹션으로 중복 분류할 수 있습니다.
닫기











구독
메인에서 바로 보는 언론사 편집 뉴스 지금 바로 구독해보세요!


구독중
메인에서 바로 보는 언론사 편집 뉴스 지금 바로 확인해보세요! 보러가기









해외투자 '한경 글로벌마켓'과 함께하세요


한국경제신문과 WSJ, 모바일한경으로 보세요


 





			주요뉴스해당 언론사에서 선정하며 언론사 페이지(아웃링크)로 이동해 볼 수 있습니다.


콧대 높던 '아이폰' 어쩌나…관심 쏟아지는 이유
엄마가 대학 못 나오면, 자녀 발달장애 가능성?
""포르쉐야 좀 비켜줄래?""…'짐승 트럭' 나왔다
""정말 화난다""…4강 진출에도 분노한 메시, 왜?
좋을 줄은 알았지만…차 마시는 습관 '깜짝효과'








이 기사를 추천합니다


기사 추천은 24시간 내 50회까지 참여할 수 있습니다.
닫기






쏠쏠정보
0




흥미진진
0




공감백배
0




분석탁월
0




후속강추
0


 




 












모두에게 보여주고 싶은 기사라면?beta

이 기사를 추천합니다 버튼을 눌러주세요.  집계 기간 동안 추천을 많이 받은 기사는 네이버 자동 기사배열 영역에 추천 요소로 활용됩니다.

레이어 닫기


 


한국경제 언론사홈 바로가기


 

언론사 구독 후 기사보기



구독 없이 계속 보기",https://n.news.naver.com/mnews/article/015/0004785878
20221210,015,"""한국인들 1~2살씩 어려진다""…외신도 덩달아 '떠들썩'","가수 싸이 /사진=한경DB내년 6월부터 사법, 행정 분야에서 '만 나이'가 사용되는 가운데, 외신도 한국인들의 나이가 1~2살씩 어려지게 됐다며 관심을 보이고 있다.미국 CNN 방송은 9일(현지시간) 한국의 만 나이 도입 소식을 전하며 ""현재 한국인들은 한 가지 나이가 아니라 '만 나이', '한국식 나이', '연 나이' 등 세 가지 나이를 가지고 있다""고 보도했다.만 나이는 태어난 시점에는 0살로 시작해 생일을 기준으로 1년이 지날 때마다 한 살씩 늘어나는 방식이다.한국에서 일상적으로 쓰이는 나이는 태어나자마자 1살이 되고 이후 매년 1월 1일마다 한 살씩 늘어난다. CNN은 해당 방식을 '한국식 나이'라고 소개했다.여기에 현재 연도에서 출생 연도를 뺀 '연 나이'까지 있어 나이 계산과 관련해 혼선이 빚어지는 경우가 잦다고 CNN은 전했다.그러면서 '강남스타일'을 히트시킨 가수 싸이를 예로 들었다. CNN은 ""1977년 12월 31일에 태어난 싸이는 국제 나이로는 44세, 연 나이로는 45세, 한국식 나이로는 46세""라고 했다.CNN은 ""한국에서 법률적·공적 사안에선 만 나이가 자주 쓰이지만, 음주와 흡연, 징집 등과 관련한 일부 법은 연 나이를 쓴다""면서 이러한 혼란을 끝내기 위해 내년 6월부터 모든 공식 문서에서 국제 나이를 사용하도록 했다고 설명했다.앞서 국회는 전날 오후 본회의를 열고 만 나이를 사용하도록 통일하는 내용의 민법 일부개정안과 행정기본법 일부개정안을 의결했다.민법 개정안은 나이를 계산할 때 출생일을 포함하고 만 나이로 표시하도록 명시했다. 행정기본법 개정안은 행정 분야에서 나이를 계산할 때 다른 법령 등에 특별한 규정이 있는 경우를 제외하고 출생일을 포함해 만 나이로 하도록 했다.




김수영 한경닷컴 기자 swimmingk@hankyung.com




기자 프로필




















김수영 기자






구독


구독중





구독자 0




응원수
0







음악이 있는 곳을 취재합니다. 가요·공연계 소식을 빠르고 바르게, 그리고 흥미롭게 전하겠습니다.




BTS·블랙핑크 아니다…2022년 '유튜브 왕'은 임영웅


엔믹스 지니, 돌연 팀 탈퇴·JYP 전속계약 해지







한국경제의 구독 많은 기자


한국경제 기사를 더 보고 싶다면?
								구독

한국경제 언론사 구독되었습니다. 메인 뉴스판에서 한국경제 주요뉴스를  볼 수 있습니다.
보러가기


한국경제 언론사 구독 해지되었습니다.


닫기








Copyright ⓒ 한국경제. All rights reserved. 무단 전재 및 재배포 금지.

 
이 기사는 언론사에서 세계 섹션으로 분류했습니다.

기사 섹션 분류 안내
기사의 섹션 정보는 해당 언론사의 분류를 따르고 있습니다. 언론사는 개별 기사를 2개 이상 섹션으로 중복 분류할 수 있습니다.
닫기











구독
메인에서 바로 보는 언론사 편집 뉴스 지금 바로 구독해보세요!


구독중
메인에서 바로 보는 언론사 편집 뉴스 지금 바로 확인해보세요! 보러가기









해외투자 '한경 글로벌마켓'과 함께하세요


한국경제신문과 WSJ, 모바일한경으로 보세요


 





			주요뉴스해당 언론사에서 선정하며 언론사 페이지(아웃링크)로 이동해 볼 수 있습니다.


콧대 높던 '아이폰' 어쩌나…관심 쏟아지는 이유
16강 올랐더니…지켜보던 '그들'이 움직였다
""포르쉐야 좀 비켜줄래?""…'짐승 트럭' 나왔다
""정말 화난다""…4강 진출에도 분노한 메시, 왜?
좋을 줄은 알았지만…차 마시는 습관 '깜짝효과'








이 기사를 추천합니다


기사 추천은 24시간 내 50회까지 참여할 수 있습니다.
닫기






쏠쏠정보
0




흥미진진
0




공감백배
0




분석탁월
0




후속강추
0


 




 












모두에게 보여주고 싶은 기사라면?beta

이 기사를 추천합니다 버튼을 눌러주세요.  집계 기간 동안 추천을 많이 받은 기사는 네이버 자동 기사배열 영역에 추천 요소로 활용됩니다.

레이어 닫기


 


한국경제 언론사홈 바로가기


 

언론사 구독 후 기사보기



구독 없이 계속 보기",https://n.news.naver.com/mnews/article/015/0004785877
20221210,015,"'반려동물 달력' 만든 文에…與 ""풍산개는 버리면서 모순""","문재인 전 대통령과 반려동물들의 삽화가 담긴 달력 이미지 /사진=텀블벅 캡처국민의힘은 문재인 전 대통령이 반려동물과 함께하는 삽화를 배경으로 한 달력 및 엽서 판매에 나선 것에 대해 ""모순덩어리""라고 비판했다.장동혁 국민의힘 원내대변인은 10일 논평에서 ""어제 문 전 대통령이 기르다 정부에 반환한 풍산개 '곰이'와 '송강'이 광주 우치동물원에 넘겨졌다""며 ""곰이와 송강이가 달력을 보면서 어떤 마음일지 쉽게 상상이 되지 않는다""고 밝혔다.앞서 크라우드펀딩 사이트 '텀블벅'에는 2023년 달력 '당신과 함께라면'이라는 프로젝트가 게재됐다.이 프로젝트는 문 전 대통령이 반려동물 마루·토리·다운·찡찡이 등과 함께 하는 모습을 주제로 한 내년도 달력을 제작·판매하는 사업이다. 문 전 대통령의 딸 다혜 씨가 대표로 있는 출판사가 유기견 지원사업 일환으로 진행 중이다.프로젝트 소개글에는 ""그(문 전 대통령)의 정치적 신념은 '사람이 먼저다'로 대표되지만, 일상에서 그는 살아있는 모든 것들을 귀하게 여긴다"", ""슬로건을 '동물이 먼저다'로 바꾸어도 어색하지 않을 정도"", ""이 프로젝트는 반려동물을 보내는 과정을 옆에서 지켜보는 중에 진심이 호도되는 것에 대한 안타까운 마음으로 시작됐다"" 등의 내용이 담겼다.장 원내대변인은 '서해 공무원 피격 사건'에 대한 문 전 대통령의 책임을 주장하며 ""진정 (문 전 대통령이) 살아있는 모든 것들을 귀하게 여기는지 묻고 싶다""고 비판했다.이어 ""도대체 고(故) 이대진 씨의 생명보다 먼저인 것이 무엇이었는지, 살아있는 모든 것들 안에 왜 곰이와 송강이는 빠져있었는지 국민은 묻고 있다""며 ""달력보다 살아있는 모든 생명이 먼저""라고 지적했다.같은 당 박수영 의원은 자신의 페이스북에 ""키우던 풍산개는 버리면서 유기견 돕는 캘린더나 만들어 파는 모순덩어리""라고 적었고, 권성동 의원은 ""지금 유기견 달력이나 찍어댈 때가 아니다. 풍산개 파양한 사람이 할 일은 더더욱 아니다""고 비판했다.




김수영 한경닷컴 기자 swimmingk@hankyung.com




기자 프로필




















김수영 기자






구독


구독중





구독자 0




응원수
0







음악이 있는 곳을 취재합니다. 가요·공연계 소식을 빠르고 바르게, 그리고 흥미롭게 전하겠습니다.




BTS·블랙핑크 아니다…2022년 '유튜브 왕'은 임영웅


엔믹스 지니, 돌연 팀 탈퇴·JYP 전속계약 해지







한국경제의 구독 많은 기자


한국경제 기사를 더 보고 싶다면?
								구독

한국경제 언론사 구독되었습니다. 메인 뉴스판에서 한국경제 주요뉴스를  볼 수 있습니다.
보러가기


한국경제 언론사 구독 해지되었습니다.


닫기








Copyright ⓒ 한국경제. All rights reserved. 무단 전재 및 재배포 금지.

 
이 기사는 언론사에서 정치 섹션으로 분류했습니다.

기사 섹션 분류 안내
기사의 섹션 정보는 해당 언론사의 분류를 따르고 있습니다. 언론사는 개별 기사를 2개 이상 섹션으로 중복 분류할 수 있습니다.
닫기











구독
메인에서 바로 보는 언론사 편집 뉴스 지금 바로 구독해보세요!


구독중
메인에서 바로 보는 언론사 편집 뉴스 지금 바로 확인해보세요! 보러가기









해외투자 '한경 글로벌마켓'과 함께하세요


한국경제신문과 WSJ, 모바일한경으로 보세요


 





			주요뉴스해당 언론사에서 선정하며 언론사 페이지(아웃링크)로 이동해 볼 수 있습니다.


콧대 높던 '아이폰' 어쩌나…관심 쏟아지는 이유
16강 올랐더니…지켜보던 '그들'이 움직였다
""포르쉐야 좀 비켜줄래?""…'짐승 트럭' 나왔다
""정말 화난다""…4강 진출에도 분노한 메시, 왜?
좋을 줄은 알았지만…차 마시는 습관 '깜짝효과'








이 기사를 추천합니다


기사 추천은 24시간 내 50회까지 참여할 수 있습니다.
닫기






쏠쏠정보
0




흥미진진
0




공감백배
0




분석탁월
0




후속강추
0


 




 












모두에게 보여주고 싶은 기사라면?beta

이 기사를 추천합니다 버튼을 눌러주세요.  집계 기간 동안 추천을 많이 받은 기사는 네이버 자동 기사배열 영역에 추천 요소로 활용됩니다.

레이어 닫기


 


한국경제 언론사홈 바로가기


 

언론사 구독 후 기사보기



구독 없이 계속 보기",https://n.news.naver.com/mnews/article/015/0004785876
20221210,015,콧대 높은 아이폰 '10년 고집' 꺾이나…관심 쏟아지는 이유 [배성수의 다다IT선],"사진=맥루머스애플이 이르면 내년부터 아이폰에도 USB-C타입 충전기를 수용할 것으로 전망된다. 유럽연합(EU)이 전자기기의 C타입 적용 의무화에 드라이브를 걸면서, 애플 역시 독자 충전 포트 규격인 '라이트닝'을 포기할 것으로 관측된다.10일 외신에 따르면 EU는 최근 관보를 통해 ""오는 2024년 12월28일까지 유럽에 판매되는 스마트폰을 비롯한 모든 전자기기는 C타입 표준 포트를 탑재해야 한다""며 ""모든 EU 회원국은 내년 말까지 이러한 지침을 이행하기 위한 규정을 발표해야 한다""고 공시했다.EU는 친환경 정책의 일환으로 올해 중순부터 전자기기에 대한 C타입 적용 의무화를 도입하기 위한 논의에 착수했다. 지난 6월 휴대용 전자기기에 C타입으로의 일괄 적용에 대한 법안이 EU 의회에 상정됐고, 10월엔 이러한 법안이 통과됐다.이후 관련 법안이 유럽 이사회 승인을 받아 구체적인 법안 시행 도입 날짜까지 확정된 것이다. 가장 큰 타격을 받는 제품은 애플의 아이폰이다. 애플은 2012년부터 라이트닝 규격을 만들어 자사 제품에 탑재해 왔다. 올해로 도입 10년째가 된 애플은 그간 태블릿, 노트북 등 일부 제품에 대해선 C타입을 도입했지만, 아이폰은 라이트닝을 고수해 왔다.EU가 전자기기의 충전 포트를 C타입으로 일원화하겠다고 나선 것도 이러한 이유에서다. C타입, 8핀(라이트닝), 5핀 등 제조사마다 규격이 제각각이었던 충전기 포트를 통일시켜 불필요한 충전기 폐기량을 줄여 환경 오염을 막겠다는 취지다. 소비자들이 새로운 기기를 살 때마다 충전 케이블을 매번 따로 구매하지 않아도 되도록 케이블 규격을 통일하겠다는 것이다.



아이폰14 시리즈. 사진=연합뉴스소비자의 편의성 제고도 기대된다. 삼성전자를 비롯한 대부분의 제조사가 C타입을 채택하고 있는 만큼 아이폰을 충전하려면 별도 케이블과 충전기를 챙겨야 하는 불편함이 뒤따랐기 때문이다. 미국의 한 대학생이 아이폰을 개조해서 만든 '세계 최초 C타입 아이폰'이 경매를 통해 1억원이 넘는 금액에 판매되기도 했다.그런데도 애플은 아이폰에 있어서는 라이트닝 단자를 고집해 왔다. 애플이 꼽는 라이트닝의 단자는 위·아래가 같아 방향 상관없이 자유롭게 꼽을 수 있다는 점이다. EU가 처음 C타입 통일화에 대한 법안을 발의한 당시 애플은 ""한 가지 유형의 단자만 요구하는 규제는 혁신을 억압하는 행위""라고 반발했다.다만 해당 법안의 환경 보호에 대한 취지가 부각 받으면서 EU 외에도 여러 국가에서 C타입 통일화를 추진하자 애플도 최근엔 이에 순응하는 분위기다. 그렉 조스위악 애플 월드와이드 마케팅 담당 수석 부사장은 지난 10월 한 행사에서 ""애플은 소비재들에 충전 규격의 표준화를 요구한 EU의 결정에 동의한다""며 ""이를 수용할 것""이라고 밝혔다.업계는 C타입 포트가 지원되는 아이폰이 이르면 내년부터 정식으로 출시될 것이라고 보고 있다. 업계 한 관계자는 ""내년 하반기 아이폰15 시리즈의 일부 모델에 C타입 포트가 지원될 가능성이 매우 높다""고 말했다. 앞서 시장조사업체 트렌드포스 역시 ""2023년부터 아이폰은 라이트닝에서 C타입으로 전환될 것""이라고 예측한 바 있다.




배성수 기자 baebae@hankyung.com




기자 프로필




















배성수 기자






구독


구독중





구독자 0




응원수
0







안녕하세요. 산업부 전자팀 배성수 기자입니다. 신제품을 체험해보는 '배성수의 다다IT선'도 매주 연재하고 있습니다. baebae@hankyung.com




[단독] ""전례 없는 위기 왔다""…삼성 '비상경영' 선포


삼성전자 3040 임원 대거 발탁…""뉴 삼성 속도 낸다""







한국경제의 구독 많은 기자


한국경제 기사를 더 보고 싶다면?
								구독

한국경제 언론사 구독되었습니다. 메인 뉴스판에서 한국경제 주요뉴스를  볼 수 있습니다.
보러가기


한국경제 언론사 구독 해지되었습니다.


닫기








Copyright ⓒ 한국경제. All rights reserved. 무단 전재 및 재배포 금지.

 
이 기사는 언론사에서 IT 섹션으로 분류했습니다.

기사 섹션 분류 안내
기사의 섹션 정보는 해당 언론사의 분류를 따르고 있습니다. 언론사는 개별 기사를 2개 이상 섹션으로 중복 분류할 수 있습니다.
닫기











구독
메인에서 바로 보는 언론사 편집 뉴스 지금 바로 구독해보세요!


구독중
메인에서 바로 보는 언론사 편집 뉴스 지금 바로 확인해보세요! 보러가기









해외투자 '한경 글로벌마켓'과 함께하세요


한국경제신문과 WSJ, 모바일한경으로 보세요


 





			주요뉴스해당 언론사에서 선정하며 언론사 페이지(아웃링크)로 이동해 볼 수 있습니다.


콧대 높던 '아이폰' 어쩌나…관심 쏟아지는 이유
16강 올랐더니…지켜보던 '그들'이 움직였다
""포르쉐야 좀 비켜줄래?""…'짐승 트럭' 나왔다
""정말 화난다""…4강 진출에도 분노한 메시, 왜?
좋을 줄은 알았지만…차 마시는 습관 '깜짝효과'








이 기사를 추천합니다


기사 추천은 24시간 내 50회까지 참여할 수 있습니다.
닫기






쏠쏠정보
0




흥미진진
0




공감백배
0




분석탁월
0




후속강추
0


 




 












모두에게 보여주고 싶은 기사라면?beta

이 기사를 추천합니다 버튼을 눌러주세요.  집계 기간 동안 추천을 많이 받은 기사는 네이버 자동 기사배열 영역에 추천 요소로 활용됩니다.

레이어 닫기


 





연재
배성수의 다다IT선
구독 명



구독


구독중


구독해주셔서 감사합니다
해당 연재는 언론사 편집판과오피니언홈의 구독연재 페이지에서확인할 수 있습니다
닫기



더보기





콧대 높은 아이폰 '10년 고집' 꺾이나…관심 쏟아지는 이유




""가뜩이나 안 팔리는데""…갤럭시탭 가격 '이례적 인상' 이유




""게이머들 좋겠네""…삼성·LG 'OLED' 게이밍 모니터 격돌








한국경제 언론사홈 바로가기


 

언론사 구독 후 기사보기



구독 없이 계속 보기",https://n.news.naver.com/mnews/article/015/0004785875
20221210,015,"이재명 ""한 점 부끄러움 없다""…與 ""기출문제 예상 답변""","이재명 더불어민주당 대표 /사진=연합뉴스이재명 더불어민주당 대표가 최측근인 정진상 당 대표실 정무조정실장의 구속기소와 관련해 ""한 점 부끄러움이 없다""고 밝힌 가운데, 국민의힘이 ""이 대표와 함께 싸워줄 국민은 없다""고 비판했다.양금희 국민의힘 수석대변인은 10일 ""정진상 당 대표 정무조정실장이 2억원대 뇌물을 수수하고, 428억원의 뇌물을 약속받는 혐의 등으로 구속기소 됐다""며 이같이 밝혔다.이어 ""이 대표는 '끝없는 이재명 때리기', '야당 파괴를 위한 갈라치기'라는 지겨운 정치 탄압 레퍼토리를 반복했다""며 ""이 대표가 과거에 연루됐던 범죄 의혹에 대한 수사가 진행되는 것일 뿐인데, 도대체 왜 수사 때문에 민생이 망가지고 민주주의가 질식한다는 것인지 이해할 수 없다""고 지적했다.그러면서 ""이재명 대표를 때리는 적, 민주당을 파괴하고 있는 적은 바로 과거의 이재명""이라고 주장했다.양 수석대변인은 ""본인이 정말 결백하다면 낡디낡은 정치적 레토릭은 접어두고 법정에서 당당하게 증거로 싸우면 된다""며 ""민주당과 개딸을 방패막이로 세우지 말고 오롯이 자신의 혐의 앞에, 그 진실 앞에 서야 할 것""이라고 말했다.이어 ""아무리 정치보복이라 주장해도 국민의 의혹이, 민주당의 혼란이, 그리고 있는 죄가 없어지지 않는다""며 ""국민이 요구하는 이 대표의 가장 시급한 소명은 자신을 향한 의혹을 낱낱이 밝히는 것뿐""이라고 거듭 강조했다.장동혁 원내대변인도 이날 논평을 통해 ""김용 전 민주연구원 부원장에 이어 정진상 실장까지 구속기소 되면서 '대장동 게이트'의 진실은 이재명 대표를 향해 문을 두드리고 있다""고 했다.장 원내대변인은 이 대표가 정 실장 구속기소 직후 자신의 페이스북에서 '국민과 함께 당원과 함께 끝까지 싸우겠다'고 올린 것 관련해 ""169명의 국회의원으로도 모자라 이제 모든 당원과 국민들마저 자신의 방탄에 동원하려는 모양""이라고 비판했다.그는 ""착각하지 말라. 이 대표와 함께 싸워줄 국민은 없다. 국민을 부르는 것조차 국민을 욕보이는 것""이라며 ""이 대표가 거침없이 나아갈 방향은 민생과 민주주의가 아니라 정당한 법의 심판""이라고 했다.서울중앙지검 반부패수사1부는 전날 정 실장을 특가법상 뇌물 등의 혐의로 구속기소 했다.정 실장은 2013년 2월∼2020년 10월 성남시 정책비서관·경기도 정책실장으로 재직하면서 유동규 전 성남도시개발공사 본부장으로부터 각종 사업 추진 등 편의 제공 대가로 7회에 걸쳐 총 2억4000만원의 금품을 수수한 혐의를 받는다.이 대표는 검찰이 정 실장을 재판에 넘긴 것에 대해 ""정치검찰의 '끝없는 이재명 때리기'로 국민 피로도가 높아지고 있다""며 ""거듭 말씀드리지만, 저 이재명은 단 1원의 사적 이익도 취하지 않았다. 하늘을 우러러 한 점 부끄러움이 없다""고 강조했다.




김수영 한경닷컴 기자 swimmingk@hankyung.com




기자 프로필




















김수영 기자






구독


구독중





구독자 0




응원수
0







음악이 있는 곳을 취재합니다. 가요·공연계 소식을 빠르고 바르게, 그리고 흥미롭게 전하겠습니다.




BTS·블랙핑크 아니다…2022년 '유튜브 왕'은 임영웅


엔믹스 지니, 돌연 팀 탈퇴·JYP 전속계약 해지







한국경제의 구독 많은 기자


한국경제 기사를 더 보고 싶다면?
								구독

한국경제 언론사 구독되었습니다. 메인 뉴스판에서 한국경제 주요뉴스를  볼 수 있습니다.
보러가기


한국경제 언론사 구독 해지되었습니다.


닫기








Copyright ⓒ 한국경제. All rights reserved. 무단 전재 및 재배포 금지.

 
이 기사는 언론사에서 정치 섹션으로 분류했습니다.

기사 섹션 분류 안내
기사의 섹션 정보는 해당 언론사의 분류를 따르고 있습니다. 언론사는 개별 기사를 2개 이상 섹션으로 중복 분류할 수 있습니다.
닫기











구독
메인에서 바로 보는 언론사 편집 뉴스 지금 바로 구독해보세요!


구독중
메인에서 바로 보는 언론사 편집 뉴스 지금 바로 확인해보세요! 보러가기









해외투자 '한경 글로벌마켓'과 함께하세요


한국경제신문과 WSJ, 모바일한경으로 보세요


 





			주요뉴스해당 언론사에서 선정하며 언론사 페이지(아웃링크)로 이동해 볼 수 있습니다.


한국어 앱까지…中서 '우영우' 제치고 인기폭발
""포르쉐야 좀 비켜줄래?""…'짐승 트럭' 나왔다
""정말 화난다""…4강 진출에도 분노한 메시, 왜?
좋을 줄은 알았지만…차 마시는 습관 '깜짝효과'
""롤렉스·디올 수두룩""…北 백화점에 해외명품이








이 기사를 추천합니다


기사 추천은 24시간 내 50회까지 참여할 수 있습니다.
닫기






쏠쏠정보
0




흥미진진
0




공감백배
0




분석탁월
0




후속강추
0


 




 












모두에게 보여주고 싶은 기사라면?beta

이 기사를 추천합니다 버튼을 눌러주세요.  집계 기간 동안 추천을 많이 받은 기사는 네이버 자동 기사배열 영역에 추천 요소로 활용됩니다.

레이어 닫기


 


한국경제 언론사홈 바로가기


 

언론사 구독 후 기사보기



구독 없이 계속 보기",https://n.news.naver.com/mnews/article/015/0004785874
20221210,015,"카타르 월드컵 8강전 취재하던 美 기자, 경기 중 돌연 사망","네덜란드-아르헨티나 8강전 모습 / 사진=AP2022 카타르 월드컵을 취재하던 미국 기자가 경기장 기자석에서 갑자기 숨지는 일이 발생했다.AP통신, CNN 등 외신은 10일(한국시간) ""미국 축구기자 그랜트 월이 이날 카타르 루사일의 루사일 스타디움에서 열린 네덜란드-아르헨티나의 8강전을 취재하던 중 숨을 거뒀다""고 보도했다.근처에 있었던 동료 기자들의 말에 따르면, 월은 연장전이 진행 중일 때 갑자기 쓰러졌다.월은 현지에서 건강 상태가 좋지 않았던 것으로 전해졌다. AP통신은 ""그가 이달 초 카타르에 있는 병원에 다녀왔다""며 ""3주간 잠도 거의 못 자고, 스트레스가 심했다""는 월의 소셜미디어 글을 전했다.



카타르 월드컵을 취재 중이던 미국 기자 그랜트 월의 사망에 미국축구연맹이 애도를 표했다. /사진=SNS1996년 미국 프린스턴대를 졸업한 월은 스포츠 일러스트레이티드(SI)에서 축구와 대학 농구 등을 주로 취재했다.48세 나이로 세상을 떠난 그는 이번이 8번째 월드컵 취재일 정도로 베테랑 축구 기자로 통했다. 앞서 이번 월드컵에서 무지개색 티셔츠를 입고 경기장에 들어가려다 제지당한 일을 공개하기도 했다.한편, 미국축구연맹은 월의 사망에 성명을 내고 애도를 표했다.




김수영 한경닷컴 기자 swimmingk@hankyung.com




기자 프로필




















김수영 기자






구독


구독중





구독자 0




응원수
0







음악이 있는 곳을 취재합니다. 가요·공연계 소식을 빠르고 바르게, 그리고 흥미롭게 전하겠습니다.




BTS·블랙핑크 아니다…2022년 '유튜브 왕'은 임영웅


엔믹스 지니, 돌연 팀 탈퇴·JYP 전속계약 해지







한국경제의 구독 많은 기자


한국경제 기사를 더 보고 싶다면?
								구독

한국경제 언론사 구독되었습니다. 메인 뉴스판에서 한국경제 주요뉴스를  볼 수 있습니다.
보러가기


한국경제 언론사 구독 해지되었습니다.


닫기








Copyright ⓒ 한국경제. All rights reserved. 무단 전재 및 재배포 금지.

 
이 기사는 언론사에서 세계 섹션으로 분류했습니다.

기사 섹션 분류 안내
기사의 섹션 정보는 해당 언론사의 분류를 따르고 있습니다. 언론사는 개별 기사를 2개 이상 섹션으로 중복 분류할 수 있습니다.
닫기











구독
메인에서 바로 보는 언론사 편집 뉴스 지금 바로 구독해보세요!


구독중
메인에서 바로 보는 언론사 편집 뉴스 지금 바로 확인해보세요! 보러가기









해외투자 '한경 글로벌마켓'과 함께하세요


한국경제신문과 WSJ, 모바일한경으로 보세요


 





			주요뉴스해당 언론사에서 선정하며 언론사 페이지(아웃링크)로 이동해 볼 수 있습니다.


한국어 앱까지…中서 '우영우' 제치고 인기폭발
""포르쉐야 좀 비켜줄래?""…'짐승 트럭' 나왔다
""정말 화난다""…4강 진출에도 분노한 메시, 왜?
좋을 줄은 알았지만…차 마시는 습관 '깜짝효과'
""롤렉스·디올 수두룩""…北 백화점에 해외명품이








이 기사를 추천합니다


기사 추천은 24시간 내 50회까지 참여할 수 있습니다.
닫기






쏠쏠정보
0




흥미진진
0




공감백배
0




분석탁월
0




후속강추
0


 




 












모두에게 보여주고 싶은 기사라면?beta

이 기사를 추천합니다 버튼을 눌러주세요.  집계 기간 동안 추천을 많이 받은 기사는 네이버 자동 기사배열 영역에 추천 요소로 활용됩니다.

레이어 닫기


 


한국경제 언론사홈 바로가기


 

언론사 구독 후 기사보기



구독 없이 계속 보기",https://n.news.naver.com/mnews/article/015/0004785873
